RAM stockid,Old Area,New Area
SCALLSFA16-20,unk:Canada-DFO-SCFA16-20,can_dfo_cfa:16;can_dfo_cfa:17;can_dfo_cfa:18;can_dfo_cfa:19;can_dfo_cfa:20
LOBSTERLFA15-18,unk:Canada-DFO-LFA15-18,can_dfo_lfa:15;can_dfo_lfa:16;can_dfo_lfa:17;can_dfo_lfa:18
LOBSTERLFA19-21,unk:Canada-DFO-LFA19-21,can_dfo_lfa:19;can_dfo_lfa:21
LOBSTERLFA22,unk:Canada-DFO-LFA22,can_dfo_lfa:22
LOBSTERLFA23-26AB,other:Canadian Lobster Fishing Area 23;other:Canadian Lobster Fishing Area 24;other:Canadian Lobster Fishing Area 25;other:Canadian Lobster Fishing Area 26A;other:Canadian Lobster Fishing Area 26B,can_dfo_lfa:23;can_dfo_lfa:24;can_dfo_lfa:25;can_dfo_lfa:26A;can_dfo_lfa:26B
LOBSTERLFA27-33,unk:Canada-DFO-LFA27-33,can_dfo_lfa:27;can_dfo_lfa:28;can_dfo_lfa:29;can_dfo_lfa:30;can_dfo_lfa:31;can_dfo_lfa:32;can_dfo_lfa:33
LOBSTERLFA3-14,unk:Canada-DFO-LFA3-14,can_dfo_lfa:3;can_dfo_lfa:4;can_dfo_lfa:5;can_dfo_lfa:6;can_dfo_lfa:7;can_dfo_lfa:8;can_dfo_lfa:9;can_dfo_lfa:10;can_dfo_lfa:11;can_dfo_lfa:12;can_dfo_lfa:13;can_dfo_lfa:14
LOBSTERLFA34,unk:Canada-DFO-LFA34,can_dfo_lfa:34
LOBSTERLFA35-38,unk:Canada-DFO-LFA35-38,can_dfo_lfa:35;can_dfo_lfa:36;can_dfo_lfa:37;can_dfo_lfa:38
LOBSTERLFA41,unk:Canada-DFO-LFA41,can_dfo_lfa:41
WROCKBCW,unk:Canada-DFO-BCW,can_dfo_pfmc:3C;can_dfo_pfmc:3D;can_dfo_pfmc:5A;can_dfo_pfmc:5B;can_dfo_pfmc:5C;can_dfo_pfmc:5D;can_dfo_pfmc:5E
PERCHWCVANI,unk:Canada-DFO-WCVANI,can_dfo_pfmc:3C;can_dfo_pfmc: 3D
BIGSKA3CD,unk:Canada-DFO-WCVANI,can_dfo_pfmc:3C;can_dfo_pfmc:3D
LNOSESKA3CD,unk:Canada-DFO-WCVANI,can_dfo_pfmc:3C;can_dfo_pfmc:3D
SABLEFPCAN,unk:Canada-DFO-PCOAST,can_dfo_pfmc:3C;can_dfo_pfmc:3D;can_dfo_pfmc:4B;can_dfo_pfmc:5A;can_dfo_pfmc:5B;can_dfo_pfmc:5C;can_dfo_pfmc:5D;can_dfo_pfmc:5E
RSROCKBCWS,unk:Canada-DFO-BCWS,can_dfo_pfmc:3C;can_dfo_pfmc:3D;can_dfo_pfmc:5A;can_dfo_pfmc:5B;can_dfo_pfmc:5C
BOCACCBCW,unk:Canada-DFO-BCW,can_dfo_pfmc:3C;can_dfo_pfmc:3D;can_dfo_pfmc:5A;can_dfo_pfmc:5B;can_dfo_pfmc:5C;can_dfo_pfmc:5D;can_dfo_pfmc:5E
CROCKWCVANISOGQCI,unk:Canada-DFO-WCVANI-SOG-QCI,can_dfo_pfmc:3C;can_dfo_pfmc:3D;can_dfo_pfmc:5A;can_dfo_pfmc:5B;can_dfo_pfmc:5C;can_dfo_pfmc:5D;can_dfo_pfmc:5E
BIGSKA4B,unk:Canada-DFO-SOG,can_dfo_pfmc:4B
LNOSESKA4B,unk:Canada-DFO-SOG,can_dfo_pfmc:4B
PERCHQCI,unk:Canada-DFO-HG,can_dfo_pfmc:5A;can_dfo_pfmc:5B;can_dfo_pfmc:5C
PCOD5ABCD,unk:Canada-DFO-5ABCD,can_dfo_pfmc:5A;can_dfo_pfmc:5B;can_dfo_pfmc:5C;can_dfo_pfmc:5D
BIGSKA5CDE,unk:Canada-DFO-HS,can_dfo_pfmc:5C;can_dfo_pfmc:5D;can_dfo_pfmc:5E
RSOLEHSTR,unk:Canada-DFO-HS,can_dfo_pfmc:5C;can_dfo_pfmc:5D
LNOSESKA5CDE,unk:Canada-DFO-HS,can_dfo_pfmc:5C;can_dfo_pfmc:5D;can_dfo_pfmc:5E
RSROCKBCWN,unk:Canada-DFO-BCWN,can_dfo_pfmc:5D;can_dfo_pfmc:5E
ARCSURFQCW,unk:Canada-DFO-QCW,can_dfo_scfa:1A;can_dfo_scfa:1B;can_dfo_scfa:2;can_dfo_scfa:3A;can_dfo_scfa:3B;can_dfo_scfa:4A;can_dfo_scfa:4B;can_dfo_scfa:4C;can_dfo_scfa:5A;can_dfo_scfa:5B
OFSCIQCU3,unk:Canada-DFO-IQCU3,can_dfo_scmu:3
OFSCIQCUB,unk:Canada-DFO-IQCUB,can_dfo_scmu:B
OFSCIQCUC,unk:Canada-DFO-IQCUC,can_dfo_scmu:C
SCALLNBB,unk:Canada-DFO-NBB,can_dfo_sfa_sca:26
SCALLWSFA29,unk:Canada-DFO-WSFA29,can_dfo_sfa_sca:29;fao:21.4.x
STRSHRIMPSFA2-3,unk:Canada-DFO-SFA2-3,can_dfo_sfa_shp:2;can_dfo_sfa_shp:3
PANDALSFA2-3,unk:Canada-DFO-SFA2-3,can_dfo_sfa_shp:2;can_dfo_sfa_shp:3
PANDALSFA4,unk:Canada-DFO-SFA4,can_dfo_sfa_shp:4
PANDALSFA6,unk:Canada-DFO-SFA6,can_dfo_sfa_shp:6
SNOWCRABSCMA12-17,unk:Canada-DFO-SCMA12-17,can_dfo_sma:12;can_dfo_sma:13;can_dfo_sma:14;can_dfo_sma:15;can_dfo_sma:16;can_dfo_sma:17
PANDALSMA14,unk:Canada-DFO-SMA-14,can_dfo_sma:14
SSSHRIMPSMA14,unk:Canada-DFO-SMA-14,can_dfo_sma:14
PANDALSMA16,unk:Canada-DFO-SMA-16,can_dfo_sma:16
SSSHRIMPSMA16,unk:Canada-DFO-SMA-16,can_dfo_sma:16
SSSHRIMPSMA18-19,unk:Canada-DFO-SMA-18-19,can_dfo_sma:18;can_dfo_sma:19
PANDALSMA18-19,unk:Canada-DFO-SMA-18-19,can_dfo_sma:18;can_dfo_sma:19
SSSHRIMPSMAFR,unk:Canada-DFO-SMA-FR,can_dfo_sma:FR
PANDALSMAFR,unk:Canada-DFO-SMA-FR,can_dfo_sma:FR
PANDALSMAGTSE,unk:Canada-DFO-SMA-GTSE,can_dfo_sma:GSTE
SSHRIMPSMAGTSE,unk:Canada-DFO-SMA-GTSE,can_dfo_sma:GSTE
PANDALSMAPRD,unk:Canada-DFO-SMA-PRD,can_dfo_sma:PRD
SSHRIMPSMAPRD,unk:Canada-DFO-SMA-PRD,can_dfo_sma:PRD
SCALLSPA1-6,unk:Canada-DFO-SPA1-6,can_dfo_spa_sca:1A;can_dfo_spa_sca:1B;can_dfo_spa_sca:2;can_dfo_spa_sca:3;can_dfo_spa_sca:4;can_dfo_spa_sca:5;can_dfo_spa_sca:6
WPOLLBCWS,unk:Canada-DFO-BCWS,can_dfo_pfmc:3C;can_dfo_pfmc:3D;can_dfo_pfmc:5A;can_dfo_pfmc:5B;can_dfo_pfmc:12;can_dfo_pfmc:20
WPOLLBCWN,unk:Canada-DFO-BCWN,can_dfo_pfmc:5C;can_dfo_pfmc:5D;can_dfo_pfmc:5E
SARDNWAZAB,unk:multinational-FAO-NWAZAB,cecaf:A+B
SARDNWAZC,unk:multinational-FAO-NWAZC,cecaf:C
ANCHONWA,unk:multinational-FAO-NWA,cecaf:N;cecaf:A+B
RSARDNWA,fao:34.1.11;fao:34.1.12;fao:34.1.13;fao:34.1.2;fao:34.1.31;fao:34.1.32;fao:34.3.11;fao:34.3.12,cecaf:N;cecaf:A+B;cecaf:C
MSARDNWA,unk:multinational-FAO-NWA,cecaf:N;cecaf:A+B;cecaf:C 
RSQLOBSTERNCH,unk:Chile-SUBPESCA-CH-N,chl:I;chl:II;chl:III;chl:IV;chl:XV
PANCHNCH,unk:Chile-SUBPESCA-CH-N,chl:I;chl:II;chl:III;chl:IV;chl:XV
BSQLOBSTERNCH,unk:Chile-SUBPESCA-CH-N,chl:I;chl:II;chl:III;chl:IV;chl:XV
NSHRIMPNCH,unk:Chile-SUBPESCA-CH-N,chl:I;chl:II;chl:III;chl:IV;chl:XV
SBREAMCH,unk:multinational-SPRFMO-CHL,chl:III;chl:IV;chl:V;chl:VI;chl:VII;chl:VIII;chl:IX;chl:X;chl:XIV;chl:XVI
OROUGHYCH,unk:multinational-SPRFMO-CHL,chl:IV;chl:V;chl:VI;chl:VII
PANCHCHVX,unk:Chile-SUBPESCA-CHV-X,chl:V;chl:VI;chl:VII;chl:VIII;chl:IX;chl:X
PANCHSCH,unk:Chile-SUBPESCA-CH-S,chl:V;chl:VI;chl:VII;chl:VIII;chl:IX;chl:X;chl:XIV;chl:XVI
YNOSESKASCH,unk:Chile-SUBPESCA-CH-S,chl:V;chl:VI;chl:VII;chl:VIII;chl:IX;chl:X;chl:XIV;chl:XVI
CHERRCHVX,unk:Chile-SUBPESCA-CH-CS,chl:V;chl:VI;chl:VII;chl:VIII;chl:IX;chl:X;chl:XIV;chl:XVI
RSQLOBSTERCH,unk:Chile-SUBPESCA-CH,chl:V;chl:VI;chl:VII;chl:VIII;chl:XVI
AFLONCH,unk:multinational-SPRFMO-CHL,chl:V;chl:VI;chl:VII;chl:VIII;chl:XVI
PATGRENADIERSARG,unk:Argentina-CFP-ARG-S,eez:ARG
YNOSESKACH,unk:Chile-SUBPESCA-CH,eez:CHL
PCEELCH,unk:Chile-SUBPESCA-CH,eez:CHL
SOUTHHAKECH,unk:Chile-SUBPESCA-CH-CS,eez:CHL
BSQLOBSTERCH,unk:Chile-SUBPESCA-CH,eez:CHL
NSHRIMPCH,unk:Chile-SUBPESCA-CH,eez:CHL
SSARDCH,unk:Chile-SUBPESCA-CH-CS,eez:CHL
BGRUNTCWACOG_AGO,unk:multinational-FAO-CWACOG_AGO,eez:COG;eez:COD;eez:AGO
CATCWAGAB,unk:multinational-FAO-CWAGAB,eez:GAB
BONGACWAGAB-COD,unk:multinational-FAO-CWAGAB-COD,eez:GAB;eez:COG;eez:COD
SOLECWAGAB-COD,unk:multinational-FAO-CWAGAB-COD,eez:GAB;eez:COG;eez:COD
ANCHOCWAGAB-AGO,unk:multinational-FAO-CWAGAB-AGO,eez:GAB;eez:STP;eez:COG;eez:COD;eez:AGO
GGRUNTCWAGAB-AGO,unk:multinational-FAO-CWAGAB-AGO,eez:GAB;eez:STP;eez:COG;eez:COD;eez:AGO
CROAKSPPCWAGAB-AGO,unk:multinational-FAO-CWAGAB-AGO,eez:GAB;eez:STP;eez:COG;eez:COD;eez:AGO
BRMSPPCWAGAB-AGO,unk:multinational-FAO-CWAGAB-AGO,eez:GAB;eez:STP;eez:COG;eez:COD;eez:AGO
THREADCWAGAB-AGO,unk:multinational-FAO-CWAGAB-AGO,eez:GAB;eez:STP;eez:COG;eez:COD;eez:AGO
CHMACKCWAGAB-AGO,unk:multinational-FAO-CWAGAB-AGO,eez:GAB;eez:STP;eez:COG;eez:COD;eez:AGO
SARDINCWAGAB-AGO,unk:multinational-FAO-CWAGAB-AGO,eez:GAB;eez:STP;eez:COG;eez:COD;eez:AGO
CUTTLECWAGHA,unk:multinational-FAO-CWAGHA,eez:GHA
OCTOCWAGNB,unk:multinational-FAO-CWAGNB,eez:GNB
JAMBERJPN,unk:Japan-FAJ-JPN,eez:JPN
HAKESPPSAF,unk:Namibia-NMFMR-SAF,eez:NAM
BNSNZ,unk:New Zealand-MFish-NZ,eez:nzl
GEMFISHNZ,unk:New Zealand-MFish-NZ,eez:nzl
AUSSALMONNZ,unk:New Zealand-MFish-NZ,eez:nzl
COD1IN,unk:multinational-ICES-1IN,fao:21.1
BSKATCANATL,unk:Canada-DFO-ATL,"fao:21.2.G;fao:21.2.H;fao:21.2.J;fao:21.3.K;fao:21.3.L;fao:21.3.O;fao:21.3.Pn;fao:21.3.Ps;fao:21.4.R;fao:21.4.S;fao:21.4.T;fao:21.4.Vn;fao:21.4.Vs,4.W;fao:21.4.X"
REDFISHSPPUT2,unk:Canada-DFO-UT2,fao:21.3.P.s;fao:21.4.V.s;fao:21.4.W.f;fao:21.4.W.g;fao:21.4.W.j;fao:21.3.P.n;fao:21.4.V.n
ARCSURF4RST,unk:Canada-DFO-Q4RST,fao:21.4.R;fao:21.4.S;fao:21.4.T
REDFISHSPPUT1,unk:Canada-DFO-UT1,fao:21.4.R;fao:21.4.S;fao:21.4.T;fao:21.3.P.n;fao:21.4.V.n
SURFIDLM,unk:Canada-DFO-IDLM,fao:21.4.T
CODGOM,fao:21.5.Y,fao:21.5.Y
HAD5Y,fao:21.5.Y,fao:21.5.Y
LOBSTERGOM,fao:21.5.Y,fao:21.5.Y
PANDALGOM,fao:21.5.Y,fao:21.5.Y
WINFLOUND5Y,fao:21.5.Y,fao:21.5.Y
WITFLOUN5Y,fao:21.5.Y,fao:21.5.Y
CODGB,fao:21.5.Z,fao:21.5.Y
LOBSTERGB,fao:21.5.Z,fao:21.5.Y
WINFLOUN5Z,fao:21.5.Z,fao:21.5.Y
AMPL5YZ,fao:21.5.Y;fao:21.5.Z,fao:21.5.Y;fao:21.5.Zu
ATHAL5YZ,fao:21.5.Y;fao:21.5.Z,fao:21.5.Y;fao:21.5.Zu
AWOLF5YZ,fao:21.5.Y;fao:21.5.Z,fao:21.5.Y;fao:21.5.Zu
POLL5YZ,fao:21.5.Y;fao:21.5.Z,fao:21.5.Y;fao:21.5.Zu
WINDOWGOMGB,fao:21.5.Y;fao:21.5.Z,fao:21.5.Y;fao:21.5.Zu
WHAKEGBGOM,fao:21.5.Y;fao:21.5.Z,fao:21.5.Y;fao:21.5.Zu
ACADREDGOMGB,fao:21.5.Y;fao:21.5.Z,fao:21.5.Y;fao:21.5.Zu
BLSHARNATL,iccat:ALB_N;iccat:SWO_N,fao:21;fao:27;fao:31;fao:34.1;fao:34.2;fao:34.3.1;fao:34.3.2;fao:34.3.3;fao:34.3.4;fao:34.3.5;fao:34.4.2
SFMAKONATL,iccat:ALB_N;iccat:SWO_N,fao:21;fao:27;fao:31;fao:34.1;fao:34.2;fao:34.3.1;fao:34.3.2;fao:34.3.3;fao:34.3.4;fao:34.3.5;fao:34.4.2
PORSHARATL,unk:Canada-DFO-ATL,fao:21;fao:31
KFSHARNEATL,unk:multinational-ICES-I-II-III-IV-V-VI-VII-VIII-IX-X-XII-XIV,fao:27
BKSFNEATL,fao:27.1;fao:27.12;fao:27.14;fao:27.2;fao:27.3;fao:27.4;fao:27.5;fao:27.6;fao:27.7;fao:27.8;fao:27.9,fao:27.1;fao:27.10;fao:27.12.b;fao:27.14;fao:27.2;fao:27.3.a;fao:27.4;fao:27.5.a;fao:27.5.b;fao:27.6;fao:27.7;fao:27.8;fao:27.9.a
BSKSHARNEATL,fao:27.1;fao:27.12;fao:27.14;fao:27.2;fao:27.3;fao:27.4;fao:27.5;fao:27.6;fao:27.7;fao:27.8;fao:27.9,fao:27.1;fao:27.10;fao:27.12;fao:27.14;fao:27.2;fao:27.3;fao:27.4;fao:27.5;fao:27.6;fao:27.7;fao:27.8;fao:27.9
PORSHARNEATL,unk:multinational-ICES-I-II-III-IV-V-VI-VII-VIII-IX-X-XII-XIV,fao:27.1;fao:27.10;fao:27.12;fao:27.14;fao:27.2;fao:27.3;fao:27.4;fao:27.5;fao:27.6;fao:27.7;fao:27.8;fao:27.9
ASHARNEATL,unk:multinational-ICES-I-II-III-IV-V-VI-VII-VIII-IX-X-XII-XIV,fao:27.1;fao:27.2;fao:27.3;fao:27.4;fao:27.5;fao:27.6;fao:27.7;fao:27.8;fao:27.9;fao:27.10;fao:27.12;fao:27.14
RHGRENNEATL,unk:multinational-ICES-I-II-III-IV-V-VI-VII-VIII-IX-X-XII-XIV,fao:27.1;fao:27.2;fao:27.3;fao:27.4;fao:27.5;fao:27.6;fao:27.7;fao:27.8;fao:27.9;fao:27.10;fao:27.12;fao:27.14
SHSPPNEATL,unk:multinational-ICES-I-II-III-IV-V-VI-VII-VIII-IX-X-XII-XIV,fao:27.1;fao:27.2;fao:27.3;fao:27.4;fao:27.5;fao:27.6;fao:27.7;fao:27.8;fao:27.9;fao:27.10;fao:27.12;fao:27.14
RBRMX,fao:27.1,fao:27.10
PANDALIIIaW-IVaE,unk:multinational-ICES-IIIaW-IVaE,fao:27.3.a;fao:27.4.a
BRILLIIIa-IV-VIIde,unk:multinational-ICES-IIIa-IV-VIIde,fao:27.3.a;fao:27.4;fao:27.7.d;fao:27.7.e
STROUT22-32,fao:27.3.b.23;fao:27.3.c.22;fao:27.3.d.24;fao:27.3.d.25;fao:27.3.d.26;fao:27.3.d.27;fao:27.3.d.28;fao:27.3.d.28.1;fao:27.3.d.28.2;fao:27.3.d.29;fao:27.3.d.30;fao:27.3.d.31;fao:27.3.d.32,fao:27.3.b.23;fao:27.3.c.22;fao:27.3.d.24;fao:27.3.d.25;fao:27.3.d.26;fao:27.3.d.27;fao:27.3.d.28;fao:27.3.d.29;fao:27.3.d.30;fao:27.3.d.31;fao:27.3.d.32
HERRRIGA,unk:multinational-ICES-RIGA,fao:27.3.d.28.1
EBASSVIa-VIIb-j,fao:27.6.a;fao:27.7.b;fao:27.7.c;fao:27.7.d;fao:27.7.e;fao:27.7.f;fao:27.7.h;fao:27.7.i;fao:27.7.j,fao:27.6.a;fao:27.7.b;fao:27.7.j
LSDOGVI-VIIabcefghij,fao:27.6;fao:27.7.a;fao:27.7.b;fao:27.7.c;fao:27.7.e;fao:27.7.f;fao:27.7.g;fao:27.7.h;fao:27.7.i;fao:27.7.j,fao:27.6;fao:27.7.a;fao:27.7.b;fao:27.7.c;fao:27.7.e;fao:27.7.f;fao:27.7.g;fao:27.7.h;fao:27.7.j
STRMULLVI-VIIabcefghijk-VIII-IXa,fao:27.6;fao:27.7.a;fao:27.7.b;fao:27.7.c;fao:27.7.e;fao:27.7.f;fao:27.7.g;fao:27.7.h;fao:27.7.i;fao:27.7.j;fao:27.7.k;fao:27.8;fao:27.9.a,fao:27.6;fao:27.7.a;fao:27.7.b;fao:27.7.c;fao:27.7.e;fao:27.7.f;fao:27.7.g;fao:27.7.h;fao:27.7.j;fao:27.7.k;fao:27.8;fao:27.9.a
SPRATVI-VIIabcfghijk,fao:27.6;fao:27.7.a;fao:27.7.b;fao:27.7.c;fao:27.7.f;fao:27.7.h;fao:27.7.i;fao:27.7.j;fao:27.7.k,fao:27.6;fao:27.7.a;fao:27.7.b;fao:27.7.c;fao:27.7.f;fao:27.7.g;fao:27.7.h;fao:27.7.j;fao:27.7.k
HERRSIRS,unk:multinational-ICES-VIIa-g-h-j-k,fao:27.7.a;fao:27.7.g;fao:27.7.h;fao:27.7.j;fao:27.7.k
FMEGVIIb-k_VIIIabd,unk:multinational-ICES-VIIb-k_VIIIabd,fao:27.7.b;fao:27.7.c;fao:27.7.d;fao:27.7.e;fao:27.7.f;fao:27.7.g;fao:27.7.h;fao:27.7.j;fao:27.7.k;fao:27.8.a;fao:27.8.b;fao:27.8.d
WHITVIIbce-k,unk:multinational-ICES-VIIbce-k,fao:27.7.b;fao:27.7.c;fao:27.7.e;fao:27.7.f;fao:27.7.g;fao:27.7.h;fao:27.7.j;fao:27.7.k
HAKENWAMAR,unk:multinational-FAO-NWAMAR,fao:34.1.11;fao:34.1.12;fao:34.1.13
PANDSPPNWA,unk:multinational-FAO-NWA,fao:34.1.11;fao:34.1.12;fao:34.1.13
SPSHRIMPCWA,unk:multinational-FAO-CWA,fao:34.1.11;fao:34.1.12;fao:34.1.13;fao:34.1.31
LDENTNWA,unk:multinational-FAO-NWA,fao:34.1.11;fao:34.1.12;fao:34.1.13;fao:34.1.31;fao:34.1.32;fao:34.3.11;fao:34.3.12
RGRUNTNWA,unk:multinational-FAO-NWA,fao:34.1.11;fao:34.1.12;fao:34.1.13;fao:34.1.31;fao:34.1.32;fao:34.3.11;fao:34.3.12
HAKESPPNWA,unk:multinational-FAO-NWA,fao:34.1.11;fao:34.1.12;fao:34.1.13;fao:34.1.31;fao:34.1.32;fao:34.3.11;fao:34.3.12
FSCADNWA,unk:multinational-FAO-NWA,fao:34.1.11;fao:34.1.12;fao:34.1.13;fao:34.1.31;fao:34.1.32;fao:34.3.11;fao:34.3.12
CHMACKNWA,unk:multinational-FAO-NWA,fao:34.1.11;fao:34.1.12;fao:34.1.13;fao:34.1.31;fao:34.1.32;fao:34.3.11;fao:34.3.12
HMACKNWA,unk:multinational-FAO-NWA,fao:34.1.11;fao:34.1.12;fao:34.1.13;fao:34.1.31;fao:34.1.32;fao:34.3.11;fao:34.3.12
CMACKNWA,unk:multinational-FAO-NWA,fao:34.1.11;fao:34.1.12;fao:34.1.13;fao:34.1.31;fao:34.1.32;fao:34.3.11;fao:34.3.12
RPANDNWA,unk:multinational-FAO-NWA,fao:34.1.11;fao:34.1.12;fao:34.1.13;fao:34.1.31;fao:34.1.32;fao:34.3.11;fao:34.3.12
AXBRMNWA,unk:multinational-FAO-NWA,fao:34.1.11;fao:34.1.12;fao:34.1.13;fao:34.1.31;fao:34.1.32;fao:34.3.11;fao:34.3.12
CUTTLENWADAK,unk:multinational-FAO-NWADAK,fao:34.1.31;fao:34.1.32
OCTONWADAK,unk:multinational-FAO-NWADAK,fao:34.1.31;fao:34.1.32
ESQUIDNWADAK,unk:multinational-FAO-NWADAK,fao:34.1.31;fao:34.1.32
CUTTLENWACBL,unk:multinational-FAO-NWACBL,fao:34.1.32;fao:34.3.11
OCTONWACBL,unk:multinational-FAO-NWACBL,fao:34.1.32;fao:34.3.11
ESQUIDNWACBL,unk:multinational-FAO-NWACBL,fao:34.1.32;fao:34.3.11
BONGANWA,unk:multinational-FAO-NWA,fao:34.1.32;fao:34.3.11;fao:34.3.12
BSBRMNWAMRT-SEN,unk:multinational-FAO-NWAMRT-SEN,fao:34.1.32;fao:34.3.11;fao:34.3.12
WGROUPNWAMRT-SEN,unk:multinational-FAO-NWAMRT-SEN,fao:34.1.32;fao:34.3.11;fao:34.3.12
CATNWASEN_GMB,unk:multinational-FAO-NWASEN_GMB,fao:34.3.12
CROAKSPPNWASEN_GMB,unk:multinational-FAO-NWASEN_GMB,fao:34.3.12
CUTTLENWASEN_GMB,unk:multinational-FAO-NWASEN_GMB,fao:34.3.12
OCTONWASEN_GMB,unk:multinational-FAO-NWASEN_GMB,fao:34.3.12
ESQUIDNWASEN_GMB,unk:multinational-FAO-NWASEN_GMB,fao:34.3.12
SOLECWAGNB-GIN,unk:multinational-FAO-CWAGNB-GIN,fao:34.3.13
CATCWAGIN-LBR,unk:multinational-FAO-CWAGIN-LBR,fao:34.3.13;fao:34.3.3
GGRUNTCWAGIN-LBR,unk:multinational-FAO-CWAGIN-LBR,fao:34.3.13;fao:34.3.3
CROAKSPPCWAGIN-LBR,unk:multinational-FAO-CWAGIN-LBR,fao:34.3.13;fao:34.3.3
BRMSPPCWAGIN-LBR,unk:multinational-FAO-CWAGIN-LBR,fao:34.3.13;fao:34.3.3
THREADCWAGIN-LBR,unk:multinational-FAO-CWAGIN-LBR,fao:34.3.13;fao:34.3.3
CHMACKCWAGNB-LBR,unk:multinational-FAO-CWAGNB-LBR,fao:34.3.13;fao:34.3.3
BCROAKCWAGIN-LBR,unk:multinational-FAO-CWAGIN-LBR,fao:34.3.13;fao:34.3.3
SCADSPPCWAGNB-LBR,unk:multinational-FAO-CWAGNB-LBR,fao:34.3.13;fao:34.3.3
SARDINCWAGNB-LBR,unk:multinational-FAO-CWAGNB-LBR,fao:34.3.13;fao:34.3.3
SOLECWAGIN-LBR,unk:multinational-FAO-CWAGIN-LBR,fao:34.3.13;fao:34.3.3
DRSHRIMPCWA,unk:multinational-FAO-CWA,fao:34.3.13;fao:34.3.3;fao:34.3.4;fao:34.3.5;fao:34.3.6;fao:47.1.1;fao:47.1.2;fao:47.1.3
CSHRIMPCWA,unk:multinational-FAO-CWA,fao:34.3.13;fao:34.3.3;fao:34.3.4;fao:34.3.5;fao:34.3.6;fao:47.1.1;fao:47.1.2;fao:47.1.3
ANCHOCWACIV-BEN,unk:multinational-FAO-CWACIV-BEN,fao:34.3.4
CROAKSPPCWACIV-BEN,unk:multinational-FAO-CWACIV-BEN,fao:34.3.4
BRMSPPCWACIV-BEN,unk:multinational-FAO-CWACIV-BEN,fao:34.3.4
THREADCWACIV-BEN,unk:multinational-FAO-CWACIV-BEN,fao:34.3.4
BGRUNTCWACIV-BEN,unk:multinational-FAO-CWACIV-BEN,fao:34.3.4
RPANDCWACIV-BEN,unk:multinational-FAO-CWACIV-BEN,fao:34.3.4
MSARDCWACIV-BEN,unk:multinational-FAO-CWACIV-BEN,fao:34.3.4
BLSHARSATL,iccat:ALB_S;iccat:SWO_S,fao:34.3.6;fao:34.4.1;fao:41;fao:47
SFMAKOSATL,iccat:ALB_S;iccat:SWO_S,fao:34.3.6;fao:34.4.1;fao:41;fao:47
LDENTCWAAGO,unk:multinational-FAO-CWAAGO,fao:47.1.1;fao:47.1.2;fao:47.1.3
BHAKECWAAGO,unk:multinational-FAO-CWAAGO,fao:47.1.1;fao:47.1.2;fao:47.1.3
SOLECWAAGO,unk:multinational-FAO-CWAAGO,fao:47.1.1;fao:47.1.2;fao:47.1.3
SFMAKONWPAC,unk:multinational-UNKNOWN-NWPAC,fao:61
CSALMCOLR,unk:USA-WASTATE-COLR,"fao:61,fao:67,fao:77;usa_huc:"
SSALMCOLR,unk:USA-WASTATE-COLR,"fao:61,fao:67,fao:77;usa_huc:"
CSALMSSOUNDFR,unk:USA-WASTATE-SSOUNDFR,"fao:61,fao:67,fao:77;usa_huc:"
CSALMSSOUNDSR,unk:USA-WASTATE-SSOUNDSR,"fao:61,fao:67,fao:77;usa_huc:"
CSALMSSOUNDWR,unk:USA-WASTATE-SSOUNDWR,"fao:61,fao:67,fao:77;usa_huc:"
SSALMQUIN,unk:USA-WASTATE-QUIN,"fao:61,fao:67,fao:77;usa_huc:17100102"
CSALMGRAYH,unk:USA-WASTATE-GRAYH,"fao:61,fao:67,fao:77;usa_huc:17100105"
CSALMWILLB,unk:USA-WASTATE-WILLB,"fao:61,fao:67,fao:77;usa_huc:17100106"
PSALMNOOKSPS,unk:USA-WASTATE-NOOKSPS,"fao:61,fao:67,fao:77;usa_huc:17110004"
CSALMNSR,unk:USA-WASTATE-NSR,"fao:61,fao:67,fao:77;usa_huc:17110004;usa_huc:1711000203"
PSALMSKAGPS,unk:USA-WASTATE-SKAGPS,"fao:61,fao:67,fao:77;usa_huc:17110005;usa_huc:17110007"
CSALMSKAGR,unk:USA-WASTATE-SKAGR,"fao:61,fao:67,fao:77;usa_huc:17110005;usa_huc:17110007"
PSALMSTILLAPS,unk:USA-WASTATE-STILLAPS,"fao:61,fao:67,fao:77;usa_huc:17110008"
CSALMSSR,unk:USA-WASTATE-SSR,"fao:61,fao:67,fao:77;usa_huc:17110008;usa_huc:17110011"
PSALMSNOHPS,unk:USA-WASTATE-SNOHPS,"fao:61,fao:67,fao:77;usa_huc:17110011"
PSALMPUYALLUPPS,unk:USA-WASTATE-PUYALLUPPS,"fao:61,fao:67,fao:77;usa_huc:17110014"
PSALMNISQPS,unk:USA-WASTATE-NISQPS,"fao:61,fao:67,fao:77;usa_huc:17110015"
CSALMHOODC,unk:USA-WASTATE-HOODC,"fao:61,fao:67,fao:77;usa_huc:17110018"
PSALMHHAMMAHC,unk:USA-WASTATE-HHAMMAHC,"fao:61,fao:67,fao:77;usa_huc:171100180202"
PSALMDUCKA,unk:USA-WASTATE-DUCKA,"fao:61,fao:67,fao:77;usa_huc:1711001804"
PSALMDOSEWHC,unk:USA-WASTATE-DOSEWHC,"fao:61,fao:67,fao:77;usa_huc:1711001805"
PSALMDUNGENHC,unk:USA-WASTATE-DUNGENHC,"fao:61,fao:67,fao:77;usa_huc:1711002003"
CSALMJDFS,unk:USA-WASTATE-JDFS,"fao:61,fao:67,fao:77;usa_huc:17110021"
SSALMLWASH,unk:USA-WASTATE-LWASH,"fao:61,fao:67,fao:77;usa_huc:70102040402"
BMARLINPAC,unk:multinational-ISC-PAC,fao:61;fao:67;fao:71;fao:77;fao:81;fao:87
PACBTUNA,unk:multinational-ISC-PAC,fao:61;fao:67;fao:71;fao:77;fao:81;fao:87
CSALMAKPSESCD,unk:USA-AKSTATE-AKPSESCD,fao:61;fao:67;fao:77;grsf:USA_NPFMC_ChumSalmon_EFH_akpsescd
CSALMAKPSWUD,unk:USA-AKSTATE-AKPSWUD,fao:61;fao:67;fao:77;grsf:USA_NPFMC_ChumSalmon_EFH_akpswud
CSALMANDREAR,unk:USA-AKSTATE-ANDREAR,fao:61;fao:67;fao:77;grsf:USA_NPFMC_ChumSalmon_EFH_andrear
CSALMANVIKR,unk:USA-AKSTATE-ANVIKR,fao:61;fao:67;fao:77;grsf:USA_NPFMC_ChumSalmon_EFH_anvikr
CSALMBEARR,unk:USA-AKSTATE-BEARR,fao:61;fao:67;fao:77;grsf:USA_NPFMC_ChumSalmon_EFH_bearr
CSALMBECHSNWD,unk:USA-AKSTATE-BECHSNWD,fao:61;fao:67;fao:77;grsf:USA_NPFMC_ChumSalmon_EFH_bechsnwd
CSALMBLKAMR,unk:USA-AKSTATE-BLKAMR,fao:61;fao:67;fao:77;grsf:USA_NPFMC_ChumSalmon_EFH_blkamr
CSALMBRUINR,unk:USA-AKSTATE-BRUINR,fao:61;fao:67;fao:77;grsf:USA_NPFMC_ChumSalmon_EFH_bruinr
CSALMCARIBOUF,unk:USA-AKSTATE-CARIBOUF,fao:61;fao:67;fao:77;grsf:USA_NPFMC_ChumSalmon_EFH_caribouf
CSALMCHIDWD,unk:USA-AKSTATE-CHIDWD,fao:61;fao:67;fao:77;grsf:USA_NPFMC_ChumSalmon_EFH_chidwd
CSALMCHIGCD,unk:USA-AKSTATE-CHIGCD,fao:61;fao:67;fao:77;grsf:USA_NPFMC_ChumSalmon_EFH_chigcd
CSALMCHIGED,unk:USA-AKSTATE-CHIGED,fao:61;fao:67;fao:77;grsf:USA_NPFMC_ChumSalmon_EFH_chiged
CSALMCINDERR,unk:USA-AKSTATE-CINDERR,fao:61;fao:67;fao:77;grsf:USA_NPFMC_ChumSalmon_EFH_cinderr
CSALMCWCIR,unk:USA-AKSTATE-CWCIR,fao:61;fao:67;fao:77;grsf:USA_NPFMC_ChumSalmon_EFH_cwcir
CSALMDFL,unk:USA-AKSTATE-DFL,fao:61;fao:67;fao:77;grsf:USA_NPFMC_ChumSalmon_EFH_dfl
CSALMEALSEKR,unk:USA-AKSTATE-EALSEKR,fao:61;fao:67;fao:77;grsf:USA_NPFMC_ChumSalmon_EFH_ealsekr
CSALMFISHC,unk:USA-AKSTATE-FISHC,fao:61;fao:67;fao:77;grsf:USA_NPFMC_ChumSalmon_EFH_fishc
CSALMGOLOVIN,unk:USA-AKSTATE-GOLOVIN,fao:61;fao:67;fao:77;grsf:USA_NPFMC_ChumSalmon_EFH_golovin
CSALMGOODNEWSR,unk:USA-AKSTATE-GOODNEWSR,fao:61;fao:67;fao:77;grsf:USA_NPFMC_ChumSalmon_EFH_goodnewsr
CSALMIZEMBEKMNWD,unk:USA-AKSTATE-IZEMBEKMNWD,fao:61;fao:67;fao:77;grsf:USA_NPFMC_ChumSalmon_EFH_izembekmnwd
CSALMKADASHANC,unk:USA-AKSTATE-KADASHANC,fao:61;fao:67;fao:77;grsf:USA_NPFMC_ChumSalmon_EFH_kadashanc
CSALMKANEKTOKR,unk:USA-AKSTATE-KANEKTOKR,fao:61;fao:67;fao:77;grsf:USA_NPFMC_ChumSalmon_EFH_kanektokr
CSALMKOTZEBUES,unk:USA-AKSTATE-KOTZEBUES,fao:61;fao:67;fao:77;grsf:USA_NPFMC_ChumSalmon_EFH_kotzebues
CSALMKTRNS,unk:USA-AKSTATE-KTRNS,fao:61;fao:67;fao:77;grsf:USA_NPFMC_ChumSalmon_EFH_ktrns
CSALMKUSKOKWIM,unk:USA-AKSTATE-KUSKOKWIM,fao:61;fao:67;fao:77;grsf:USA_NPFMC_ChumSalmon_EFH_kuskokwim
CSALMMNRSD,unk:USA-AKSTATE-MNRSD,fao:61;fao:67;fao:77;grsf:USA_NPFMC_ChumSalmon_EFH_mnrsd
CSALMNELSONL,unk:USA-AKSTATE-NELSONL,fao:61;fao:67;fao:77;grsf:USA_NPFMC_ChumSalmon_EFH_nelsonl
CSALMNORTONB,unk:USA-AKSTATE-NORTONB,fao:61;fao:67;fao:77;grsf:USA_NPFMC_ChumSalmon_EFH_nortonb
CSALMNORTONSD1,unk:USA-AKSTATE-NORTONSD1,fao:61;fao:67;fao:77;grsf:USA_NPFMC_ChumSalmon_EFH_nortonsd1
CSALMNUSHAGAKD,unk:USA-AKSTATE-NUSHAGAKD,fao:61;fao:67;fao:77;grsf:USA_NPFMC_ChumSalmon_EFH_nushagakd
CSALMPDIC,unk:USA-AKSTATE-PDIC,fao:61;fao:67;fao:77;grsf:USA_NPFMC_ChumSalmon_EFH_pdic
CSALMPERRYVILLED,unk:USA-AKSTATE-PERRYVILLED,fao:61;fao:67;fao:77;grsf:USA_NPFMC_ChumSalmon_EFH_perryvilled
CSALMPGRAHAM,unk:USA-AKSTATE-PGRAHAM,fao:61;fao:67;fao:77;grsf:USA_NPFMC_ChumSalmon_EFH_pgraham
CSALMPHEIDEN,unk:USA-AKSTATE-PHEIDEN,fao:61;fao:67;fao:77;grsf:USA_NPFMC_ChumSalmon_EFH_pheiden
CSALMPMOLLERBT,unk:USA-AKSTATE-PMOLLERBT,fao:61;fao:67;fao:77;grsf:USA_NPFMC_ChumSalmon_EFH_pmollerbt
CSALMROCKYR,unk:USA-AKSTATE-ROCKYR,fao:61;fao:67;fao:77;grsf:USA_NPFMC_ChumSalmon_EFH_rockyr
CSALMSHAKTOOLIK,unk:USA-AKSTATE-SHAKTOOLIK,fao:61;fao:67;fao:77;grsf:USA_NPFMC_ChumSalmon_EFH_shaktoolik
CSALMTHREEH,unk:USA-AKSTATE-THREEH,fao:61;fao:67;fao:77;grsf:USA_NPFMC_ChumSalmon_EFH_threeh
CSALMTOGD,unk:USA-AKSTATE-TOGD,fao:61;fao:67;fao:77;grsf:USA_NPFMC_ChumSalmon_EFH_togd
CSALMUCOOKI,unk:USA-AKSTATE-UCOOKI,fao:61;fao:67;fao:77;grsf:USA_NPFMC_ChumSalmon_EFH_ucooki
CSALMUNALAKLEET,unk:USA-AKSTATE-UNALAKLEET,fao:61;fao:67;fao:77;grsf:USA_NPFMC_ChumSalmon_EFH_unalakleet
CSALMURSUSCL,unk:USA-AKSTATE-URSUSCL,fao:61;fao:67;fao:77;grsf:USA_NPFMC_ChumSalmon_EFH_ursuscl
CSALMYUKONRFR,unk:USA-AKSTATE-YUKONRFR,fao:61;fao:67;fao:77;grsf:USA_NPFMC_ChumSalmon_EFH_yukonrfr
CSALMYUKONRSR,unk:USA-AKSTATE-YUKONRSR,fao:61;fao:67;fao:77;grsf:USA_NPFMC_ChumSalmon_EFH_yukonrsr
PSALMAFFLECKCI,unk:USA-AKSTATE-AFFLECKCI,fao:61;fao:67;fao:77;grsf:USA_NPFMC_PinkSalmon_EFH_affleckci
PSALMAFOGNAKD,unk:USA-AKSTATE-AFOGNAKD,fao:61;fao:67;fao:77;grsf:USA_NPFMC_PinkSalmon_EFH_afognakd
PSALMAIALIKL,unk:USA-AKSTATE-AIALIKL,fao:61;fao:67;fao:77;grsf:USA_NPFMC_PinkSalmon_EFH_aialikl
PSALMAKPNWD,unk:USA-AKSTATE-AKPNWD,fao:61;fao:67;fao:77;grsf:USA_NPFMC_PinkSalmon_EFH_akpnwd
PSALMAKPSESCD,unk:USA-AKSTATE-AKPSESCD,fao:61;fao:67;fao:77;grsf:USA_NPFMC_PinkSalmon_EFH_akpsescd
PSALMAKPSWUD,unk:USA-AKSTATE-AKPSWUD,fao:61;fao:67;fao:77;grsf:USA_NPFMC_PinkSalmon_EFH_akpswud
PSALMALITAKD,unk:USA-AKSTATE-ALITAKD,fao:61;fao:67;fao:77;grsf:USA_NPFMC_PinkSalmon_EFH_alitakd
PSALMAMAKC,unk:USA-AKSTATE-AMAKC,fao:61;fao:67;fao:77;grsf:USA_NPFMC_PinkSalmon_EFH_amakc
PSALMANAN,unk:USA-AKSTATE-ANAN,fao:61;fao:67;fao:77;grsf:USA_NPFMC_PinkSalmon_EFH_anan
PSALMAUKEC,unk:USA-AKSTATE-AUKEC,fao:61;fao:67;fao:77;grsf:USA_NPFMC_PinkSalmon_EFH_aukec
PSALMBARABARA,unk:USA-AKSTATE-BARABARA,fao:61;fao:67;fao:77;grsf:USA_NPFMC_PinkSalmon_EFH_barabara
PSALMBARANOFE,unk:USA-AKSTATE-BARANOFE,fao:61;fao:67;fao:77;grsf:USA_NPFMC_PinkSalmon_EFH_baranofe
PSALMBKAMISHAKR,unk:USA-AKSTATE-BKAMISHAKR,fao:61;fao:67;fao:77;grsf:USA_NPFMC_PinkSalmon_EFH_bkamishakr
PSALMBRUINR,unk:USA-AKSTATE-BRUINR,fao:61;fao:67;fao:77;grsf:USA_NPFMC_PinkSalmon_EFH_bruinr
PSALMBURNETT,unk:USA-AKSTATE-BURNETT,fao:61;fao:67;fao:77;grsf:USA_NPFMC_PinkSalmon_EFH_burnett
PSALMCHIGNIKBD,unk:USA-AKSTATE-CHIGNIKBD,fao:61;fao:67;fao:77;grsf:USA_NPFMC_PinkSalmon_EFH_chignikbd
PSALMCHIGNIKCD,unk:USA-AKSTATE-CHIGNIKCD,fao:61;fao:67;fao:77;grsf:USA_NPFMC_PinkSalmon_EFH_chignikcd
PSALMCHIGNIKED,unk:USA-AKSTATE-CHIGNIKED,fao:61;fao:67;fao:77;grsf:USA_NPFMC_PinkSalmon_EFH_chigniked
PSALMCHIGNIKWD,unk:USA-AKSTATE-CHIGNIKWD,fao:61;fao:67;fao:77;grsf:USA_NPFMC_PinkSalmon_EFH_chignikwd
PSALMCHINAP,unk:USA-AKSTATE-CHINAP,fao:61;fao:67;fao:77;grsf:USA_NPFMC_PinkSalmon_EFH_chinap
PSALMCOGHILLD,unk:USA-AKSTATE-COGHILLD,fao:61;fao:67;fao:77;grsf:USA_NPFMC_PinkSalmon_EFH_coghilld
PSALMDOGFISH,unk:USA-AKSTATE-DOGFISH,fao:61;fao:67;fao:77;grsf:USA_NPFMC_PinkSalmon_EFH_dogfish
PSALMEBEHM,unk:USA-AKSTATE-EBEHM,fao:61;fao:67;fao:77;grsf:USA_NPFMC_PinkSalmon_EFH_ebehm
PSALMEDALL,unk:USA-AKSTATE-EDALL,fao:61;fao:67;fao:77;grsf:USA_NPFMC_PinkSalmon_EFH_edall
PSALMELIZAH,unk:USA-AKSTATE-ELIZAH,fao:61;fao:67;fao:77;grsf:USA_NPFMC_PinkSalmon_EFH_elizah
PSALMESHAMYD,unk:USA-AKSTATE-ESHAMYD,fao:61;fao:67;fao:77;grsf:USA_NPFMC_PinkSalmon_EFH_eshamyd
PSALMESND,unk:USA-AKSTATE-ESND,fao:61;fao:67;fao:77;grsf:USA_NPFMC_PinkSalmon_EFH_esnd
PSALMFARRAGUT,unk:USA-AKSTATE-FARRAGUT,fao:61;fao:67;fao:77;grsf:USA_NPFMC_PinkSalmon_EFH_farragut
PSALMFRESHWB,unk:USA-AKSTATE-FRESHWB,fao:61;fao:67;fao:77;grsf:USA_NPFMC_PinkSalmon_EFH_freshwb
PSALMGOLOVIN,unk:USA-AKSTATE-GOLOVIN,fao:61;fao:67;fao:77;grsf:USA_NPFMC_PinkSalmon_EFH_golovin
PSALMHETTA,unk:USA-AKSTATE-HETTA,fao:61;fao:67;fao:77;grsf:USA_NPFMC_PinkSalmon_EFH_hetta
PSALMHOMES,unk:USA-AKSTATE-HOMES,fao:61;fao:67;fao:77;grsf:USA_NPFMC_PinkSalmon_EFH_homes
PSALMHOONAHS,unk:USA-AKSTATE-HOONAHS,fao:61;fao:67;fao:77;grsf:USA_NPFMC_PinkSalmon_EFH_hoonahs
PSALMHOUGHTON,unk:USA-AKSTATE-HOUGHTON,fao:61;fao:67;fao:77;grsf:USA_NPFMC_PinkSalmon_EFH_houghton
PSALMHUMPCY,unk:USA-AKSTATE-HUMPCY,fao:61;fao:67;fao:77;grsf:USA_NPFMC_PinkSalmon_EFH_humpcy
PSALMHUMPYCCISD,unk:USA-AKSTATE-HUMPYCCISD,fao:61;fao:67;fao:77;grsf:USA_NPFMC_PinkSalmon_EFH_humpyccisd
PSALMIGUSHIK,unk:USA-AKSTATE-IGUSHIK,fao:61;fao:67;fao:77;grsf:USA_NPFMC_PinkSalmon_EFH_igushik
PSALMJAMESLOD,unk:USA-AKSTATE-JAMESLOD,fao:61;fao:67;fao:77;grsf:USA_NPFMC_PinkSalmon_EFH_jameslod
PSALMKASAAN,unk:USA-AKSTATE-KASAAN,fao:61;fao:67;fao:77;grsf:USA_NPFMC_PinkSalmon_EFH_kasaan
PSALMKELPB,unk:USA-AKSTATE-KELPB,fao:61;fao:67;fao:77;grsf:USA_NPFMC_PinkSalmon_EFH_kelpb
PSALMKLAWOCK,unk:USA-AKSTATE-KLAWOCK,fao:61;fao:67;fao:77;grsf:USA_NPFMC_PinkSalmon_EFH_klawock
PSALMKODIAKMD,unk:USA-AKSTATE-KODIAKMD,fao:61;fao:67;fao:77;grsf:USA_NPFMC_PinkSalmon_EFH_kodiakmd
PSALMKODIAKWD,unk:USA-AKSTATE-KODIAKWD,fao:61;fao:67;fao:77;grsf:USA_NPFMC_PinkSalmon_EFH_kodiakwd
PSALMKUSKOKWIM,unk:USA-AKSTATE-KUSKOKWIM,fao:61;fao:67;fao:77;grsf:USA_NPFMC_PinkSalmon_EFH_kuskokwim
PSALMLISIANSKI,unk:USA-AKSTATE-LISIANSKI,fao:61;fao:67;fao:77;grsf:USA_NPFMC_PinkSalmon_EFH_lisianski
PSALMLKAMR,unk:USA-AKSTATE-LKAMR,fao:61;fao:67;fao:77;grsf:USA_NPFMC_PinkSalmon_EFH_lkamr
PSALMLYNNCD112,unk:USA-AKSTATE-LYNNCD112,fao:61;fao:67;fao:77;grsf:USA_NPFMC_PinkSalmon_EFH_lynncd112
PSALMLYNNCD115,unk:USA-AKSTATE-LYNNCD115,fao:61;fao:67;fao:77;grsf:USA_NPFMC_PinkSalmon_EFH_lynncd115
PSALMMOIRA,unk:USA-AKSTATE-MOIRA,fao:61;fao:67;fao:77;grsf:USA_NPFMC_PinkSalmon_EFH_moira
PSALMMONTD,unk:USA-AKSTATE-MONTD,fao:61;fao:67;fao:77;grsf:USA_NPFMC_PinkSalmon_EFH_montd
PSALMMPNBNS,unk:USA-AKSTATE-MPNBNS,fao:61;fao:67;fao:77;grsf:USA_NPFMC_PinkSalmon_EFH_mpnbns
PSALMNCHICHAGO,unk:USA-AKSTATE-NCHICHAGO,fao:61;fao:67;fao:77;grsf:USA_NPFMC_PinkSalmon_EFH_nchichago
PSALMNOME,unk:USA-AKSTATE-NOME,fao:61;fao:67;fao:77;grsf:USA_NPFMC_PinkSalmon_EFH_nome
PSALMNUNAKWIKD,unk:USA-AKSTATE-NUNAKWIKD,fao:61;fao:67;fao:77;grsf:USA_NPFMC_PinkSalmon_EFH_nunakwikd
PSALMNUSHAGAKR,unk:USA-AKSTATE-NUSHAGAKR,fao:61;fao:67;fao:77;grsf:USA_NPFMC_PinkSalmon_EFH_nushagakr
PSALMPCHATHAM,unk:USA-AKSTATE-PCHATHAM,fao:61;fao:67;fao:77;grsf:USA_NPFMC_PinkSalmon_EFH_pchatham
PSALMPDICK,unk:USA-AKSTATE-PDICK,fao:61;fao:67;fao:77;grsf:USA_NPFMC_PinkSalmon_EFH_pdick
PSALMPERRYVILLED,unk:USA-AKSTATE-PERRYVILLED,fao:61;fao:67;fao:77;grsf:USA_NPFMC_PinkSalmon_EFH_perryvilled
PSALMPGRAHAMSD,unk:USA-AKSTATE-PGRAHAMSD,fao:61;fao:67;fao:77;grsf:USA_NPFMC_PinkSalmon_EFH_pgrahamsd
PSALMPORTAGEB,unk:USA-AKSTATE-PORTAGEB,fao:61;fao:67;fao:77;grsf:USA_NPFMC_PinkSalmon_EFH_portageb
PSALMPORTLAND,unk:USA-AKSTATE-PORTLAND,fao:61;fao:67;fao:77;grsf:USA_NPFMC_PinkSalmon_EFH_portland
PSALMPORTLOCK,unk:USA-AKSTATE-PORTLOCK,fao:61;fao:67;fao:77;grsf:USA_NPFMC_PinkSalmon_EFH_portlock
PSALMPWSED,unk:USA-AKSTATE-PWSED,fao:61;fao:67;fao:77;grsf:USA_NPFMC_PinkSalmon_EFH_pwsed
PSALMPWSNWD,unk:USA-AKSTATE-PWSNWD,fao:61;fao:67;fao:77;grsf:USA_NPFMC_PinkSalmon_EFH_pwsnwd
PSALMPWSSED,unk:USA-AKSTATE-PWSSED,fao:61;fao:67;fao:77;grsf:USA_NPFMC_PinkSalmon_EFH_pwssed
PSALMPWSSWD,unk:USA-AKSTATE-PWSSWD,fao:61;fao:67;fao:77;grsf:USA_NPFMC_PinkSalmon_EFH_pwsswd
PSALMPYBUSGA,unk:USA-AKSTATE-PYBUSGA,fao:61;fao:67;fao:77;grsf:USA_NPFMC_PinkSalmon_EFH_pybusga
PSALMRATZH,unk:USA-AKSTATE-RATZH,fao:61;fao:67;fao:77;grsf:USA_NPFMC_PinkSalmon_EFH_ratzh
PSALMRESB,unk:USA-AKSTATE-RESB,fao:61;fao:67;fao:77;grsf:USA_NPFMC_PinkSalmon_EFH_resb
PSALMROCKYROD,unk:USA-AKSTATE-ROCKYROD,fao:61;fao:67;fao:77;grsf:USA_NPFMC_PinkSalmon_EFH_rockyrod
PSALMSAGINWB,unk:USA-AKSTATE-SAGINWB,fao:61;fao:67;fao:77;grsf:USA_NPFMC_PinkSalmon_EFH_saginwb
PSALMSAKP,unk:USA-AKSTATE-SAKP,fao:61;fao:67;fao:77;grsf:USA_NPFMC_PinkSalmon_EFH_sakp
PSALMSALISBURY,unk:USA-AKSTATE-SALISBURY,fao:61;fao:67;fao:77;grsf:USA_NPFMC_PinkSalmon_EFH_salisbury
PSALMSASHINCNI,unk:USA-AKSTATE-SASHINCNI,fao:61;fao:67;fao:77;grsf:USA_NPFMC_PinkSalmon_EFH_sashincni
PSALMSBPCKD,unk:USA-AKSTATE-SBPCKD,fao:61;fao:67;fao:77;grsf:USA_NPFMC_PinkSalmon_EFH_sbpckd
PSALMSEAOTTER,unk:USA-AKSTATE-SEAOTTER,fao:61;fao:67;fao:77;grsf:USA_NPFMC_PinkSalmon_EFH_seaotter
PSALMSEBARAN,unk:USA-AKSTATE-SEBARAN,fao:61;fao:67;fao:77;grsf:USA_NPFMC_PinkSalmon_EFH_sebaran
PSALMSELDOVIAB,unk:USA-AKSTATE-SELDOVIAB,fao:61;fao:67;fao:77;grsf:USA_NPFMC_PinkSalmon_EFH_seldoviab
PSALMSEYMOUR,unk:USA-AKSTATE-SEYMOUR,fao:61;fao:67;fao:77;grsf:USA_NPFMC_PinkSalmon_EFH_seymour
PSALMSHAKTOOLIKNS,unk:USA-AKSTATE-SHAKTOOLIKNS,fao:61;fao:67;fao:77;grsf:USA_NPFMC_PinkSalmon_EFH_shaktoolikns
PSALMSHIPLEY,unk:USA-AKSTATE-SHIPLEY,fao:61;fao:67;fao:77;grsf:USA_NPFMC_PinkSalmon_EFH_shipley
PSALMSITKAS,unk:USA-AKSTATE-SITKAS,fao:61;fao:67;fao:77;grsf:USA_NPFMC_PinkSalmon_EFH_sitkas
PSALMSITUKR,unk:USA-AKSTATE-SITUKR,fao:61;fao:67;fao:77;grsf:USA_NPFMC_PinkSalmon_EFH_situkr
PSALMSLOCUM,unk:USA-AKSTATE-SLOCUM,fao:61;fao:67;fao:77;grsf:USA_NPFMC_PinkSalmon_EFH_slocum
PSALMSNAKER,unk:USA-AKSTATE-SNAKER,fao:61;fao:67;fao:77;grsf:USA_NPFMC_PinkSalmon_EFH_snaker
PSALMSTEPHENS,unk:USA-AKSTATE-STEPHENS,fao:61;fao:67;fao:77;grsf:USA_NPFMC_PinkSalmon_EFH_stephens
PSALMSTIKINE,unk:USA-AKSTATE-STIKINE,fao:61;fao:67;fao:77;grsf:USA_NPFMC_PinkSalmon_EFH_stikine
PSALMSWADMIR,unk:USA-AKSTATE-SWADMIR,fao:61;fao:67;fao:77;grsf:USA_NPFMC_PinkSalmon_EFH_swadmir
PSALMTANAKEE,unk:USA-AKSTATE-TANAKEE,fao:61;fao:67;fao:77;grsf:USA_NPFMC_PinkSalmon_EFH_tanakee
PSALMTEBENKOF,unk:USA-AKSTATE-TEBENKOF,fao:61;fao:67;fao:77;grsf:USA_NPFMC_PinkSalmon_EFH_tebenkof
PSALMTOTEMB,unk:USA-AKSTATE-TOTEMB,fao:61;fao:67;fao:77;grsf:USA_NPFMC_PinkSalmon_EFH_totemb
PSALMTUTKASD,unk:USA-AKSTATE-TUTKASD,fao:61;fao:67;fao:77;grsf:USA_NPFMC_PinkSalmon_EFH_tutkasd
PSALMUCOOKI,unk:USA-AKSTATE-UCOOKI,fao:61;fao:67;fao:77;grsf:USA_NPFMC_PinkSalmon_EFH_ucooki
PSALMUNALAKLEETNS,unk:USA-AKSTATE-UNALAKLEETNS,fao:61;fao:67;fao:77;grsf:USA_NPFMC_PinkSalmon_EFH_unalakleetns
PSALMUNIONB,unk:USA-AKSTATE-UNIONB,fao:61;fao:67;fao:77;grsf:USA_NPFMC_PinkSalmon_EFH_unionb
PSALMWADMIRAL,unk:USA-AKSTATE-WADMIRAL,fao:61;fao:67;fao:77;grsf:USA_NPFMC_PinkSalmon_EFH_wadmiral
PSALMWBEHM,unk:USA-AKSTATE-WBEHM,fao:61;fao:67;fao:77;grsf:USA_NPFMC_PinkSalmon_EFH_wbehm
PSALMWCRAWFISH,unk:USA-AKSTATE-WCRAWFISH,fao:61;fao:67;fao:77;grsf:USA_NPFMC_PinkSalmon_EFH_wcrawfish
PSALMWHALEB,unk:USA-AKSTATE-WHALEB,fao:61;fao:67;fao:77;grsf:USA_NPFMC_PinkSalmon_EFH_whaleb
PSALMWHALEP,unk:USA-AKSTATE-WHALEP,fao:61;fao:67;fao:77;grsf:USA_NPFMC_PinkSalmon_EFH_whalep
PSALMWINDYC,unk:USA-AKSTATE-WINDYC,fao:61;fao:67;fao:77;grsf:USA_NPFMC_PinkSalmon_EFH_windyc
PSALMWOODR,unk:USA-AKSTATE-WOODR,fao:61;fao:67;fao:77;grsf:USA_NPFMC_PinkSalmon_EFH_woodr
SSALMAKALURAL,unk:USA-AKSTATE-AKALURAL,fao:61;fao:67;fao:77;grsf:USA_NPFMC_SockeyeSalmon_EFH_akalural
SSALMAWKER,unk:USA-AKSTATE-AWKER,fao:61;fao:67;fao:77;grsf:USA_NPFMC_SockeyeSalmon_EFH_awker
SSALMBEARR,unk:USA-AKSTATE-BEARR,fao:61;fao:67;fao:77;grsf:USA_NPFMC_SockeyeSalmon_EFH_bearr
SSALMBLACKL,unk:USA-AKSTATE-BLACKL,fao:61;fao:67;fao:77;grsf:USA_NPFMC_SockeyeSalmon_EFH_blackl
SSALMBRANCH,unk:USA-AKSTATE-BRANCH,fao:61;fao:67;fao:77;grsf:USA_NPFMC_SockeyeSalmon_EFH_branch
SSALMBUSKINL,unk:USA-AKSTATE-BUSKINL,fao:61;fao:67;fao:77;grsf:USA_NPFMC_SockeyeSalmon_EFH_buskinl
SSALMCHIGNIKL,unk:USA-AKSTATE-CHIGNIKL,fao:61;fao:67;fao:77;grsf:USA_NPFMC_SockeyeSalmon_EFH_chignikl
SSALMCHILKATL,unk:USA-AKSTATE-CHILKATL,fao:61;fao:67;fao:77;grsf:USA_NPFMC_SockeyeSalmon_EFH_chilkatl
SSALMCHILKOOTL,unk:USA-AKSTATE-CHILKOOTL,fao:61;fao:67;fao:77;grsf:USA_NPFMC_SockeyeSalmon_EFH_chilkootl
SSALMEALSEKDR,unk:USA-AKSTATE-EALSEKDR,fao:61;fao:67;fao:77;grsf:USA_NPFMC_SockeyeSalmon_EFH_ealsekdr
SSALMEGEGIK,unk:USA-AKSTATE-EGEGIK,fao:61;fao:67;fao:77;grsf:USA_NPFMC_SockeyeSalmon_EFH_egegik
SSALMEUPPERS,unk:USA-AKSTATE-EUPPERS,fao:61;fao:67;fao:77;grsf:USA_NPFMC_SockeyeSalmon_EFH_euppers
SSALMIGUSHIK,unk:USA-AKSTATE-IGUSHIK,fao:61;fao:67;fao:77;grsf:USA_NPFMC_SockeyeSalmon_EFH_igushik
SSALMILNIKR,unk:USA-AKSTATE-ILNIKR,fao:61;fao:67;fao:77;grsf:USA_NPFMC_SockeyeSalmon_EFH_ilnikr
SSALMITALOR,unk:USA-AKSTATE-ITALOR,fao:61;fao:67;fao:77;grsf:USA_NPFMC_SockeyeSalmon_EFH_italor
SSALMKARLUKL,unk:USA-AKSTATE-KARLUKL,fao:61;fao:67;fao:77;grsf:USA_NPFMC_SockeyeSalmon_EFH_karlukl
SSALMKLUKSHUR,unk:USA-AKSTATE-KLUKSHUR,fao:61;fao:67;fao:77;grsf:USA_NPFMC_SockeyeSalmon_EFH_klukshur
SSALMKUSKOKWIM,unk:USA-AKSTATE-KUSKOKWIM,fao:61;fao:67;fao:77;grsf:USA_NPFMC_SockeyeSalmon_EFH_kuskokwim
SSALMKVICHAK,unk:USA-AKSTATE-KVICHAK,fao:61;fao:67;fao:77;grsf:USA_NPFMC_SockeyeSalmon_EFH_kvichak
SSALMLOSTR,unk:USA-AKSTATE-LOSTR,fao:61;fao:67;fao:77;grsf:USA_NPFMC_SockeyeSalmon_EFH_lostr
SSALMLRIVER,unk:USA-AKSTATE-LRIVER,fao:61;fao:67;fao:77;grsf:USA_NPFMC_SockeyeSalmon_EFH_lriver
SSALMLUPPERS,unk:USA-AKSTATE-LUPPERS,fao:61;fao:67;fao:77;grsf:USA_NPFMC_SockeyeSalmon_EFH_luppers
SSALMMALINAL,unk:USA-AKSTATE-MALINAL,fao:61;fao:67;fao:77;grsf:USA_NPFMC_SockeyeSalmon_EFH_malinal
SSALMMCDONALD,unk:USA-AKSTATE-MCDONALD,fao:61;fao:67;fao:77;grsf:USA_NPFMC_SockeyeSalmon_EFH_mcdonald
SSALMNAKNEK,unk:USA-AKSTATE-NAKNEK,fao:61;fao:67;fao:77;grsf:USA_NPFMC_SockeyeSalmon_EFH_naknek
SSALMNELSONR,unk:USA-AKSTATE-NELSONR,fao:61;fao:67;fao:77;grsf:USA_NPFMC_SockeyeSalmon_EFH_nelsonr
SSALMNUSHAGAK,unk:USA-AKSTATE-NUSHAGAK,fao:61;fao:67;fao:77;grsf:USA_NPFMC_SockeyeSalmon_EFH_nushagak
SSALMNUYAKUK,unk:USA-AKSTATE-NUYAKUK,fao:61;fao:67;fao:77;grsf:USA_NPFMC_SockeyeSalmon_EFH_nuyakuk
SSALMORZINSKIL,unk:USA-AKSTATE-ORZINSKIL,fao:61;fao:67;fao:77;grsf:USA_NPFMC_SockeyeSalmon_EFH_orzinskil
SSALMPASAGSHAKR,unk:USA-AKSTATE-PASAGSHAKR,fao:61;fao:67;fao:77;grsf:USA_NPFMC_SockeyeSalmon_EFH_pasagshakr
SSALMPAULSBD,unk:USA-AKSTATE-PAULSBD,fao:61;fao:67;fao:77;grsf:USA_NPFMC_SockeyeSalmon_EFH_paulsbd
SSALMREDOUBTL,unk:USA-AKSTATE-REDOUBTL,fao:61;fao:67;fao:77;grsf:USA_NPFMC_SockeyeSalmon_EFH_redoubtl
SSALMSALTERYL,unk:USA-AKSTATE-SALTERYL,fao:61;fao:67;fao:77;grsf:USA_NPFMC_SockeyeSalmon_EFH_salteryl
SSALMSANDYR,unk:USA-AKSTATE-SANDYR,fao:61;fao:67;fao:77;grsf:USA_NPFMC_SockeyeSalmon_EFH_sandyr
SSALMSITUKR,unk:USA-AKSTATE-SITUKR,fao:61;fao:67;fao:77;grsf:USA_NPFMC_SockeyeSalmon_EFH_situkr
SSALMSPEELL,unk:USA-AKSTATE-SPEELL,fao:61;fao:67;fao:77;grsf:USA_NPFMC_SockeyeSalmon_EFH_speell
SSALMSTIKINE,unk:USA-AKSTATE-STIKINE,fao:61;fao:67;fao:77;grsf:USA_NPFMC_SockeyeSalmon_EFH_stikine
SSALMTAHLTAN,unk:USA-AKSTATE-TAHLTAN,fao:61;fao:67;fao:77;grsf:USA_NPFMC_SockeyeSalmon_EFH_tahltan
SSALMTAKUR,unk:USA-AKSTATE-TAKUR,fao:61;fao:67;fao:77;grsf:USA_NPFMC_SockeyeSalmon_EFH_takur
SSALMTOGIAK,unk:USA-AKSTATE-TOGIAK,fao:61;fao:67;fao:77;grsf:USA_NPFMC_SockeyeSalmon_EFH_togiak
SSALMUCOOKI,unk:USA-AKSTATE-UCOOKI,fao:61;fao:67;fao:77;grsf:USA_NPFMC_SockeyeSalmon_EFH_ucooki
SSALMUGANIKL,unk:USA-AKSTATE-UGANIKL,fao:61;fao:67;fao:77;grsf:USA_NPFMC_SockeyeSalmon_EFH_uganikl
SSALMUGASHIK,unk:USA-AKSTATE-UGASHIK,fao:61;fao:67;fao:77;grsf:USA_NPFMC_SockeyeSalmon_EFH_ugashik
SSALMWOOD,unk:USA-AKSTATE-WOOD,fao:61;fao:67;fao:77;grsf:USA_NPFMC_SockeyeSalmon_EFH_wood
SARDPCOAST,unk:USA-NMFS-PCOAST,fao:67;fao:77
CHTRACCH,unk:multinational-SPRFMO-CH,fao:87
SPHAKECH,unk:Chile-SUBPESCA-CH-CS,fao:87.2.13;fao:87.2.14;fao:87.2.15;fao:87.2.16;fao:87.2.17;fao:87.2.23;fao:87.2.24;fao:87.2.25;fao:87.2.26;fao:87.2.27;fao:87.3.11;fao:87.3.21
ANCHMEDGSA1,gfcm:1,gfcm:1
RMULLMEDGSA1,gfcm:1,gfcm:1
SARDMEDGSA1,gfcm:1,gfcm:1
RBRMMEDGSA1-3,gfcm:1;gfcm:2;gfcm:3,gfcm:1;gfcm:2;gfcm:3
WANGLGSA1-7,gfcm:1;gfcm:2;gfcm:3;gfcm:4;gfcm:5;gfcm:6;gfcm:7,gfcm:1;gfcm:2;gfcm:3;gfcm:4;gfcm:5;gfcm:6;gfcm:7
RMULLMEDGSA10,gfcm:10,gfcm:10
SMSHRMPMEDGSA10,gfcm:10,gfcm:10
RSHRMPMEDGSA9-11,gfcm:10;gfcm:11;gfcm:9,gfcm:10;gfcm:11;gfcm:9
RMULLMEDGSA11,gfcm:11,gfcm:11
RMULLMEDGSA15-16,gfcm:15;gfcm:16,gfcm:15;gfcm:16
SMULLMEDGSA15-16,gfcm:15;gfcm:16,gfcm:15;gfcm:16
RMULLMEDGSA17-18,gfcm:17;gfcm:18,gfcm:17;gfcm:18
SMSHRMPMEDGSA17-18,gfcm:17;gfcm:18,gfcm:17;gfcm:18
RSHRMPMEDGSA17-19,gfcm:17;gfcm:18;gfcm:19,gfcm:17;gfcm:18;gfcm:19
RMULLMEDGSA19,gfcm:19,gfcm:19
HAKEMEDGSA20,gfcm:20,gfcm:20
SARDMEDGSA20,gfcm:20,gfcm:20
ANCHMEDGSA29,gfcm:29,gfcm:29
SPRBLKGSA29,gfcm:29,gfcm:29
RMULLMEDGSA5,gfcm:5,gfcm:5
RDSHRMPMEDGSA6-7,unk:multinational-GFCM-GSA6-7,gfcm:6;gfcm:7
HAKEMEDGSA8-11,unk:multinational-GFCM-GSA8-11,gfcm:8;gfcm:9;gfcm:10;gfcm:11
RMULLMEDGSA9,gfcm:9,gfcm:9
SARDMEDGSA9,gfcm:9,gfcm:9
SMSHRMPMEDGSA9,gfcm:9,gfcm:9
SMULLMEDGSA9,gfcm:9,gfcm:9
ACMACKSARG,unk:Argentina-CFP-ARG-S,grsf:ARG_EEZ_39S_VMA
ARGANCHONARG,unk:Argentina-CFP-ARG-N,grsf:ARG_EEZ_N_ANA
ARGHAKENARG,unk:Argentina-CFP-ARG-N,grsf:ARG_EEZ_N_HKP
ARGANCHOSARG,unk:Argentina-CFP-ARG-S,grsf:ARG_EEZ_S_ANA
PCEELARGS,unk:Argentina-CFP-ARG-S,grsf:ARG_EEZ_S_CUS
ARGHAKESARG,unk:Argentina-CFP-ARG-S,grsf:ARG_EEZ_S_HKP
SBWHITARGS,unk:Argentina-CFP-ARG-S,grsf:ARG_FLK_EEZ_SWA_POS
PATCODARGS,unk:Argentina-CFP-ARG-S,grsf:Argentina_CFP_ARG_S
BGRDRSE,unk:Australia-AFMA-SE,grsf:AUS_BGRDRSE
BTSHRIMPNAUST,unk:Australia-AFMA-NAUST,grsf:AUS_BTSHRIMPNAUST
GTPRAWNNAUST,unk:Australia-AFMA-NAUST,grsf:AUS_GTPRAWNNAUST
MULLQNSW,unk:Australia-DPIF-QNSW,grsf:AUS_MULLQNSW
PTOOTHFISHMI,unk:Australia-AFMA-MI,grsf:AUS_PTOOTHFISHMI
RROCKLOBSTERSAUSNZ,unk:Australia-SARDI-SAUSNZ,grsf:AUS_RROCKLOBSTERSAUSNZ
RROCKLOBSTERSAUSSZ,unk:Australia-SARDI-SAUSSZ,grsf:AUS_RROCKLOBSTERSAUSSZ
SNAPSAUSNSG,unk:Australia-SARDI-SAUSNSG,grsf:AUS_SNAPSAUSNSG
SNAPSAUSSGSV,unk:Australia-SARDI-SAUSSGSV,grsf:AUS_SNAPSAUSSGSV
SNAPSAUSSSG,unk:Australia-SARDI-SAUSSSG,grsf:AUS_SNAPSAUSSSG
TASGIANTCRABTAS,unk:Australia-AFMA-TAS,grsf:AUS_TASGIANTCRABTAS
REDFEAUS,unk:Australia-AFMA-EAUS,grsf:Australia_AFMA_EAUS
MORWONGESE,unk:Australia-AFMA-ESE,grsf:Australia_AFMA_ESE
BGRDRNSWWA,unk:Australia-AFMA-NSWWA,grsf:Australia_AFMA_NSWWA
MORWONGWSE,unk:Australia-AFMA-WSE,grsf:Australia_AFMA_WSE
SARDWSE,unk:Australia-SARDI-WSE,grsf:Australia_SARDI_WSE
QROCKPCOASTIN,unk:Canada-DFO-PCOASTIN,grsf:can_dfo_pfmc_inva
QROCKPCOASTOUT,unk:Canada-DFO-PCOASTOUT,grsf:can_dfo_pfmc_outva
ARCSURFBANQ,unk:Canada-DFO-BANQ,grsf:CAN_DFO_SFA27_BANQ
EULAPCOASTCCDU,unk:Canada-DFO-PCOASTCCDU,grsf:CAN_EULAPCOASTCCDU
EULAPCOASTFRDU,unk:Canada-DFO-PCOASTFRDU,grsf:CAN_EULAPCOASTFRDU
EULAPCOASTNSDU,unk:Canada-DFO-PCOASTNSDU,grsf:CAN_EULAPCOASTNSDU
HERRCC,unk:Canada-DFO-CC,grsf:CAN_HERRCC
HERRNFLDESC,unk:Canada-DFO-NFLDESC,grsf:CAN_HERRNFLDESC
HERRPRD,unk:Canada-DFO-PRD,grsf:CAN_HERRPRD
HERRQCI,unk:Canada-DFO-QCI,grsf:CAN_HERRQCI
HERRSOG,unk:Canada-DFO-SOG,grsf:CAN_HERRSOG
HERRWCVANI,unk:Canada-DFO-WCVANI,grsf:CAN_HERRWCVANI
ESOLEHS,unk:Canada-DFO-HS,grsf:CAN_PAC_ESOLEHS
LINGCODSOG,unk:Canada-DFO-SOG,grsf:CAN_PAC_LINGCODSOG
PCODHS,unk:Canada-DFO-HS,grsf:CAN_PAC_PCODHS
PCODWCVANI,unk:Canada-DFO-WCVANI,grsf:CAN_PAC_PCODWCVANI
SARDBC,unk:Canada-DFO-PCOAST,grsf:CAN_PAC_SARDBC
ROCKCRABQCW,unk:Canada-DFO-QCW,grsf:CAN_QUE_ROCKCRABQCW
SSCLAMQCW,unk:Canada-DFO-QCW,grsf:CAN_QUE_SSCLAMQCW
WWHELKQCW,unk:Canada-DFO-QCW,grsf:CAN_QUE_WWHELKQCW
YEYEROCKPCOASTIN,unk:Canada-DFO-PCOASTIN,grsf:CAN_YEYEROCKPCOASTIN
CSALMA1,unk:Canada-DFO-A1,grsf:Canada_DFO_A1
SSALMA1,unk:Canada-DFO-A1,grsf:Canada_DFO_A1
PSALMA1,unk:Canada-DFO-A1,grsf:Canada_DFO_A1
CSALMA10,unk:Canada-DFO-A10,grsf:Canada_DFO_A10
PSALMA10,unk:Canada-DFO-A10,grsf:Canada_DFO_A10
CSALMA11,unk:Canada-DFO-A11,grsf:Canada_DFO_A11
SSALMA12,unk:Canada-DFO-A12,grsf:Canada_DFO_A12
CSALMA12,unk:Canada-DFO-A12,grsf:Canada_DFO_A12
PSALMA12,unk:Canada-DFO-A12,grsf:Canada_DFO_A12
SSALMA13,unk:Canada-DFO-A13,grsf:Canada_DFO_A13
CSALMA13,unk:Canada-DFO-A13,grsf:Canada_DFO_A13
PSALMA13,unk:Canada-DFO-A13,grsf:Canada_DFO_A13
CSALMA14,unk:Canada-DFO-A14,grsf:Canada_DFO_A14
CSALMA15,unk:Canada-DFO-A15,grsf:Canada_DFO_A15
CSALMA16,unk:Canada-DFO-A16,grsf:Canada_DFO_A16
SSALMA16,unk:Canada-DFO-A16,grsf:Canada_DFO_A16
CSALMA17,unk:Canada-DFO-A17,grsf:Canada_DFO_A17
CSALMA18,unk:Canada-DFO-A18,grsf:Canada_DFO_A18
CSALMA19,unk:Canada-DFO-A19,grsf:Canada_DFO_A19
CSALMA20,unk:Canada-DFO-A20,grsf:Canada_DFO_A20
PSALMA21-27,unk:Canada-DFO-A21-27,grsf:Canada_DFO_A21_27
CSALMA22,unk:Canada-DFO-A22,grsf:Canada_DFO_A22
CSALMA23,unk:Canada-DFO-A23,grsf:Canada_DFO_A23
CSALMA24,unk:Canada-DFO-A24,grsf:Canada_DFO_A24
CSALMA25,unk:Canada-DFO-A25,grsf:Canada_DFO_A25
CSALMA26,unk:Canada-DFO-A26,grsf:Canada_DFO_A26
CSALMA27,unk:Canada-DFO-A27,grsf:Canada_DFO_A27
SSALMA28,unk:Canada-DFO-A28,grsf:Canada_DFO_A28
CSALMA29,unk:Canada-DFO-A29,grsf:Canada_DFO_A29
PSALMA2E,unk:Canada-DFO-A2E,grsf:Canada_DFO_A2E
CSALMA2E,unk:Canada-DFO-A2E,grsf:Canada_DFO_A2E
SSALMA2E,unk:Canada-DFO-A2E,grsf:Canada_DFO_A2E
CSALMA2W,unk:Canada-DFO-A2W,grsf:Canada_DFO_A2W
PSALMA2W,unk:Canada-DFO-A2W,grsf:Canada_DFO_A2W
SSALMA2W,unk:Canada-DFO-A2W,grsf:Canada_DFO_A2W
CSALMA3,unk:Canada-DFO-A3,grsf:Canada_DFO_A3
PSALMA3,unk:Canada-DFO-A3,grsf:Canada_DFO_A3
CSALMA4,unk:Canada-DFO-A4,grsf:Canada_DFO_A4
PSALMA4,unk:Canada-DFO-A4,grsf:Canada_DFO_A4
PSALMA5,unk:Canada-DFO-A5,grsf:Canada_DFO_A5
SSALMA5,unk:Canada-DFO-A5,grsf:Canada_DFO_A5
CSALMA5,unk:Canada-DFO-A5,grsf:Canada_DFO_A5
SSALMA6,unk:Canada-DFO-A6,grsf:Canada_DFO_A6
PSALMA6,unk:Canada-DFO-A6,grsf:Canada_DFO_A6
CSALMA6,unk:Canada-DFO-A6,grsf:Canada_DFO_A6
CSALMA7,unk:Canada-DFO-A7,grsf:Canada_DFO_A7
PSALMA7,unk:Canada-DFO-A7,grsf:Canada_DFO_A7
SSALMA7,unk:Canada-DFO-A7,grsf:Canada_DFO_A7
PSALMA8,unk:Canada-DFO-A8,grsf:Canada_DFO_A8
CSALMA8,unk:Canada-DFO-A8,grsf:Canada_DFO_A8
SSALMA8,unk:Canada-DFO-A8,grsf:Canada_DFO_A8
PSALMA9,unk:Canada-DFO-A9,grsf:Canada_DFO_A9
CSALMA9,unk:Canada-DFO-A9,grsf:Canada_DFO_A9
SSALMADAMS,unk:Canada-DFO-ADAMS,grsf:Canada_DFO_ADAMS
SSALMATNARKO,unk:Canada-DFO-ATNARKO,grsf:Canada_DFO_ATNARKO
PSALMATNARKO,unk:Canada-DFO-ATNARKO,grsf:Canada_DFO_ATNARKO
SSALMBARKS,unk:Canada-DFO-BARKS,grsf:Canada_DFO_BARKS
SSALMBIRKENH,unk:Canada-DFO-BIRKENH,grsf:Canada_DFO_BIRKENH
PSALMBONDS,unk:Canada-DFO-BONDS,grsf:Canada_DFO_BONDS
SSALMBOWRON,unk:Canada-DFO-BOWRON,grsf:Canada_DFO_BOWRON
PSALMBURR,unk:Canada-DFO-BURR,grsf:Canada_DFO_BURR
PSALMBUTEI,unk:Canada-DFO-BUTEI,grsf:Canada_DFO_BUTEI
PSALMBWLAB,unk:Canada-DFO-BWLAB,grsf:Canada_DFO_BWLAB
SSALMCAYENNE,unk:Canada-DFO-CAYENNE,grsf:Canada_DFO_CAYENNE
SSALMCHILKO,unk:Canada-DFO-CHILKO,grsf:Canada_DFO_CHILKO
SSALMCHILKOS,unk:Canada-DFO-CHILKOS,grsf:Canada_DFO_CHILKOS
SSALMCHILLIW,unk:Canada-DFO-CHILLIW,grsf:Canada_DFO_CHILLIW
PSALMCHV,unk:Canada-DFO-CHV,grsf:Canada_DFO_CHV
SSALMCULTUS,unk:Canada-DFO-CULTUS,grsf:Canada_DFO_CULTUS
SSALMFENNELL,unk:Canada-DFO-FENNELL,grsf:Canada_DFO_FENNELL
SSALMGATES,unk:Canada-DFO-GATES,grsf:Canada_DFO_GATES
SSALMGATESC,unk:Canada-DFO-GATESC,grsf:Canada_DFO_GATESC
PSALMGEOHOWE,unk:Canada-DFO-GEOHOWE,grsf:Canada_DFO_GEOHOWE
PSALMHARR,unk:Canada-DFO-HARR,grsf:Canada_DFO_HARR
SSALMHARRISON,unk:Canada-DFO-HARRISON,grsf:Canada_DFO_HARRISON
PSALMHOMFROY,unk:Canada-DFO-HOMFROY,grsf:Canada_DFO_HOMFROY
PSALMHOOKC,unk:Canada-DFO-HOOKC,grsf:Canada_DFO_HOOKC
SSALMHORSEFLY,unk:Canada-DFO-HORSEFLY,grsf:Canada_DFO_HORSEFLY
SSSHRIMPICBC,unk:Canada-DFO-ICBC,grsf:Canada_DFO_ICBC
PANDALICBC,unk:Canada-DFO-ICBC,grsf:Canada_DFO_ICBC
CSALMISCFPM,unk:Canada-DFO-ISCFPM,grsf:Canada_DFO_ISCFPM
PSALMJERVISI,unk:Canada-DFO-JERVISI,grsf:Canada_DFO_JERVISI
PSALMJOHNS,unk:Canada-DFO-JOHNS,grsf:Canada_DFO_JOHNS
PSALMJOHNST,unk:Canada-DFO-JOHNST,grsf:Canada_DFO_JOHNST
SSALMKIMSQUIT,unk:Canada-DFO-KIMSQUIT,grsf:Canada_DFO_KIMSQUIT
PSALMKINGCOME,unk:Canada-DFO-KINGCOME,grsf:Canada_DFO_KINGCOME
SSALMKITLOPE,unk:Canada-DFO-KITLOPE,grsf:Canada_DFO_KITLOPE
PSALMKNIGHT,unk:Canada-DFO-KNIGHT,grsf:Canada_DFO_KNIGHT
SSALMLLAKE,unk:Canada-DFO-LLAKE,grsf:Canada_DFO_LLAKE
PSALMLOUGHB,unk:Canada-DFO-LOUGHB,grsf:Canada_DFO_LOUGHB
SSALMLSTUART,unk:Canada-DFO-LSTUART,grsf:Canada_DFO_LSTUART
PSALMMALAS,unk:Canada-DFO-MALAS,grsf:Canada_DFO_MALAS
PSALMMFRASE,unk:Canada-DFO-MFRASE,grsf:Canada_DFO_MFRASE
SSALMMITCHELL,unk:Canada-DFO-MITCHELL,grsf:Canada_DFO_MITCHELL
SSALMNADINA,unk:Canada-DFO-NADINA,grsf:Canada_DFO_NADINA
SSALMNADINAC,unk:Canada-DFO-NADINAC,grsf:Canada_DFO_NADINAC
SSALMNAHANTLATCH,unk:Canada-DFO-NAHANTLATCH,grsf:Canada_DFO_NAHANTLATCH
SSALMNASS,unk:Canada-DFO-NASS,grsf:Canada_DFO_NASS
PSALMNKINGCOME,unk:Canada-DFO-NKINGCOME,grsf:Canada_DFO_NKINGCOME
SSALMOWIKENOL,unk:Canada-DFO-OWIKENOL,grsf:Canada_DFO_OWIKENOL
SSALMPITT,unk:Canada-DFO-PITT,grsf:Canada_DFO_PITT
SSALMPORTAGE,unk:Canada-DFO-PORTAGE,grsf:Canada_DFO_PORTAGE
PSALMQUATR,unk:Canada-DFO-QUATR,grsf:Canada_DFO_QUATR
SSALMRAFT,unk:Canada-DFO-RAFT,grsf:Canada_DFO_RAFT
SSALMSCOTCH,unk:Canada-DFO-SCOTCH,grsf:Canada_DFO_SCOTCH
PSALMSECHELT,unk:Canada-DFO-SECHELT,grsf:Canada_DFO_SECHELT
PSALMSETONA,unk:Canada-DFO-SETONA,grsf:Canada_DFO_SETONA
SSALMSEYMOUR,unk:Canada-DFO-SEYMOUR,grsf:Canada_DFO_SEYMOUR
SSALMSHUSWAP,unk:Canada-DFO-SHUSWAP,grsf:Canada_DFO_SHUSWAP
SSALMSKEENA,unk:Canada-DFO-SKEENA,grsf:Canada_DFO_SKEENA
PSALMSKEENALR,unk:Canada-DFO-SKEENALR,grsf:Canada_DFO_SKEENALR
SSALMSKIDEGATE,unk:Canada-DFO-SKIDEGATE,grsf:Canada_DFO_SKIDEGATE
PSALMSLIAMMON,unk:Canada-DFO-SLIAMMON,grsf:Canada_DFO_SLIAMMON
PSALMSQUAMISH,unk:Canada-DFO-SQUAMISH,grsf:Canada_DFO_SQUAMISH
SSALMSTELLAKO,unk:Canada-DFO-STELLAKO,grsf:Canada_DFO_STELLAKO
PSALMSUNDC,unk:Canada-DFO-SUNDC,grsf:Canada_DFO_SUNDC
PSALMSUTILC,unk:Canada-DFO-SUTILC,grsf:Canada_DFO_SUTILC
SSALMTASEKO,unk:Canada-DFO-TASEKO,grsf:Canada_DFO_TASEKO
PSALMTHOMPSON,unk:Canada-DFO-THOMPSON,grsf:Canada_DFO_THOMPSON
PSALMTOBAI,unk:Canada-DFO-TOBAI,grsf:Canada_DFO_TOBAI
PSALMVANCI,unk:Canada-DFO-VANCI,grsf:Canada_DFO_VANCI
SSALMWEAVER,unk:Canada-DFO-WEAVER,grsf:Canada_DFO_WEAVER
SSALMWEAVERC,unk:Canada-DFO-WEAVERC,grsf:Canada_DFO_WEAVERC
SSALMYAKOUN,unk:Canada-DFO-YAKOUN,grsf:Canada_DFO_YAKOUN
PANCHCCH,unk:Chile-SUBPESCA-CH-C,grsf:Chile_SUBPESCA_CH_C
PANCHCSCH,unk:Chile-SUBPESCA-CH-CS,grsf:Chile_SUBPESCA_CH_CS
NSHRIMPCSCH,unk:Chile-SUBPESCA-CH-CS,grsf:Chile_SUBPESCA_CH_CS
YNOSESKACSCH,unk:Chile-SUBPESCA-CH-CS,grsf:Chile_SUBPESCA_CH_CS
BSQLOBSTERCSCH,unk:Chile-SUBPESCA-CH-CS,grsf:Chile_SUBPESCA_CH_CS
RSQLOBSTERCSCH,unk:Chile-SUBPESCA-CH-CS,grsf:Chile_SUBPESCA_CH_CS
CSARDCSCH,unk:Chile-SUBPESCA-CH-CS,grsf:Chile_SUBPESCA_CH_CS
PANCHNCHSP,unk:Chile-SUBPESCA-NCH-SP,grsf:Chile_SUBPESCA_NCH_SP
PATGRENADIERCH,unk:Chile-SUBPESCA-CH-CS,grsf:CHL_EEZ_GRM
PCEELCSCH,unk:Chile-SUBPESCA-CH-CS,grsf:CHL_EEZ_NPDA_CUS
SBWHITCH,unk:Chile-SUBPESCA-CH-CS,grsf:CHL_EEZ_SEP_POS
PCEELSCH,unk:Chile-SUBPESCA-CH-S,grsf:CHL_EEZ_SPDA_CUS
BIGHTREDSE,unk:Australia-AFMA-SE,grsf:CSIRO_BIGHTREDSE_1958_2007_FULTON
DEEPFLATHEADSE,unk:Australia-AFMA-SE,grsf:CSIRO_DEEPFLATHEADSE_1978_2007_FULTON
GEMFISHSE,unk:Australia-AFMA-SE,grsf:CSIRO_GEMFISHSE_1966_2007_FULTON
MORWONGSE,unk:Australia-AFMA-SE,grsf:CSIRO_MORWONGSE_1913_2007_FULTON
NZLINGESE,unk:Australia-AFMA-SE,grsf:CSIRO_NZLINGESE_1968_2007_FULTON
NZLINGWSE,unk:Australia-AFMA-WSE,grsf:CSIRO_NZLINGWSE_1968_2007_FULTON
OROUGHYCASCADE,unk:Australia-AFMA-CASCADE,grsf:CSIRO_OROUGHYCASCADE_1987_2006_FULTON
OROUGHYSE,unk:Australia-AFMA-SE,grsf:CSIRO_OROUGHYSE_1978_2007_FULTON
SILVERFISHSE,unk:Australia-AFMA-SE,grsf:CSIRO_SILVERFISHSE_1978_2006_FULTON
SWHITSE,unk:Australia-AFMA-SE,grsf:CSIRO_SWHITSE_1945_2007_FULTON
TIGERFLATSE,unk:Australia-AFMA-SE,grsf:CSIRO_TIGERFLATSE_1913_2006_FULTON
WAREHOUESE,unk:Australia-AFMA-ESE,grsf:CSIRO_WAREHOUESE_1984_2006_FULTON
WAREHOUWSE,unk:Australia-AFMA-WSE,grsf:CSIRO_WAREHOUWSE_1984_2006_FULTON
APOLLPJPN,unk:Japan-FAJ-PJPN,grsf:FAJ_APOLLPJPN_1975_2014_KUROTA
BMACKECS,unk:Japan-FAJ-ECS,grsf:FAJ_BMACKECS_1992_2014_KUROTA
BMACKPJPN,unk:Japan-FAJ-PJPN,grsf:FAJ_BMACKPJPN_1982_2014_KUROTA
BRMSOJ,unk:Japan-FAJ-SOJ,grsf:FAJ_BRMSOJ_1980_2010_ONO
CMACKPJPN,unk:Japan-FAJ-PJPN,grsf:FAJ_CMACKPJPN_1970_2009_ONO
CMACKTSST,unk:Japan-FAJ-TSST,grsf:FAJ_CMACKTSST_1973_2014_KUROTA
JANCHOPJPN,unk:Japan-FAJ-PJPN,grsf:FAJ_JANCHOPJPN_1978_2014_KUROTA
JANCHOSETO,unk:Japan-FAJ-SETO,grsf:FAJ_JANCHOSETO_1955_2014_KUROTA
JANCHOTSST,unk:Japan-FAJ-TSST,grsf:FAJ_JANCHOTSST_1977_2014_KUROTA
JMACKPJPN,unk:Japan-FAJ-PJPN,grsf:FAJ_JMACKPJPN_1982_2009_ONO
JMACKTSST,unk:Japan-FAJ-TSST,grsf:FAJ_JMACKTSST_1973_2010_ONO
OFLOUNECS,unk:Japan-FAJ-ECS,grsf:FAJ_OFLOUNECS_1986_2010_ONO
OFLOUNNSJ,unk:Japan-FAJ-NSJ,grsf:FAJ_OFLOUNNSJ_1999_2010_ONO
OFLOUNPAC,unk:Japan-FAJ-PAC,grsf:FAJ_OFLOUNPAC_1990_2009_ONO
OFLOUNSETO,unk:Japan-FAJ-SETO,grsf:FAJ_OFLOUNSETO_1987_2010_ONO
PILCHPJPN,unk:Japan-FAJ-PJPN,grsf:FAJ_PILCHPJPN_1976_2009_ONO
PILCHTSST,unk:Japan-FAJ-TSST,grsf:FAJ_PILCHTSST_1960_2010_ONO
RBRMECS,unk:Japan-FAJ-ECS,grsf:FAJ_RBRMECS_1969_2010_ONO
RBRMSETOE,unk:Japan-FAJ-SETOE,grsf:FAJ_RBRMSETOE_1977_2010_ONO
RBRMSETOW,unk:Japan-FAJ-SETOW,grsf:FAJ_RBRMSETOW_1977_2010_ONO
RHERRTSST,unk:Japan-FAJ-TSST,grsf:FAJ_RHERRTSST_1975_2014_KUROTA
SPANMACKSETO,unk:Japan-FAJ-SETO,grsf:FAJ_SPANMACKSETO_1987_2010_ONO
STMARLINWCNPAC,unk:multinational-ISC-WCNPAC,grsf:ISC_STMARLINWCNPAC_1951_2010_CHING
SNOWCRABESJ,unk:Japan-FAJ-ESJ,grsf:Japan_FAJ_ESJ
PCODHOKK,unk:Japan-FAJ-HOKK,grsf:Japan_FAJ_HOKK
HERRHOKK,unk:Japan-FAJ-HOKK,grsf:Japan_FAJ_HOKK
SNOWCRABHOKK,unk:Japan-FAJ-HOKK,grsf:Japan_FAJ_HOKK
CSALMHSCH,unk:Japan-FAJ-HSCH,grsf:Japan_FAJ_HSCH
CSALMHSCW,unk:Japan-FAJ-HSCW,grsf:Japan_FAJ_HSCW
PSALMHSPH,unk:Japan-FAJ-HSPH,grsf:Japan_FAJ_HSPH
PSALMHSPW,unk:Japan-FAJ-HSPW,grsf:Japan_FAJ_HSPW
SSALMHSSH,unk:Japan-FAJ-HSSH,grsf:Japan_FAJ_HSSH
SSALMHSSW,unk:Japan-FAJ-HSSW,grsf:Japan_FAJ_HSSW
JPUFFIMKB,unk:Japan-FAJ-IMKB,grsf:Japan_FAJ_IMKB
PSANDLIMKB,unk:Japan-FAJ-IMKB,grsf:Japan_FAJ_IMKB
SHAKOIMKB,unk:Japan-FAJ-IMKB,grsf:Japan_FAJ_IMKB
WSCONGIMKB,unk:Japan-FAJ-IMKB,grsf:Japan_FAJ_IMKB
CSALMJCCH,unk:Japan-FAJ-JCCH,grsf:Japan_FAJ_JCCH
PSALMJCPH,unk:Japan-FAJ-JCPH,grsf:Japan_FAJ_JCPH
PSALMJCPW,unk:Japan-FAJ-JCPW,grsf:Japan_FAJ_JCPW
JCSQUIDJPNAR,unk:Japan-FAJ-JPNAR,grsf:Japan_FAJ_JPNAR
JCSQUIDJPNWR,unk:Japan-FAJ-JPNWR,grsf:Japan_FAJ_JPNWR
ARGREENNEMS,unk:Japan-FAJ-NEMS,grsf:Japan_FAJ_NEMS
APOLLNEMS,unk:Japan-FAJ-NEMS,grsf:Japan_FAJ_NEMS
ARGREENNHOKK,unk:Japan-FAJ-NHOKK,grsf:Japan_FAJ_NHOKK
PHFLOUNNHOKK,unk:Japan-FAJ-NHOKK,grsf:Japan_FAJ_NHOKK
YSFLOUNNHOKK,unk:Japan-FAJ-NHOKK,grsf:Japan_FAJ_NHOKK
KCROCKNPAC,unk:Japan-FAJ-NPAC,grsf:Japan_FAJ_NPAC
PCODNPAC,unk:Japan-FAJ-NPAC,grsf:Japan_FAJ_NPAC
RSSOLENPAC,unk:Japan-FAJ-NPAC,grsf:Japan_FAJ_NPAC
SNOWCRABNPAC,unk:Japan-FAJ-NPAC,grsf:Japan_FAJ_NPAC
WLFLOUNNPAC,unk:Japan-FAJ-NPAC,grsf:Japan_FAJ_NPAC
YGSFISHNPAC,unk:Japan-FAJ-NPAC,grsf:Japan_FAJ_NPAC
SSANDNSJ,unk:Japan-FAJ-NSJ,grsf:Japan_FAJ_NSJ
APOLLNSJ,unk:Japan-FAJ-NSJ,grsf:Japan_FAJ_NSJ
CJOBOKWI,unk:Japan-FAJ-OKWI,grsf:Japan_FAJ_OKWI
FSNAPOKWI,unk:Japan-FAJ-OKWI,grsf:Japan_FAJ_OKWI
JSNAPOKWI,unk:Japan-FAJ-OKWI,grsf:Japan_FAJ_OKWI
LJOBOKWI,unk:Japan-FAJ-OKWI,grsf:Japan_FAJ_OKWI
DSSMELTPAC,unk:Japan-FAJ-PAC,grsf:Japan_FAJ_PAC
LCODLINGPAC,unk:Japan-FAJ-PAC,grsf:Japan_FAJ_PAC
RHERRPAC,unk:Japan-FAJ-PAC,grsf:Japan_FAJ_PAC
SPSQUIDPAC,unk:Japan-FAJ-PAC,grsf:Japan_FAJ_PAC
ARGREENSHOKK,unk:Japan-FAJ-SHOKK,grsf:Japan_FAJ_SHOKK
KCROCKSWHOKK,unk:Japan-FAJ-SWHOKK,grsf:Japan_FAJ_SWHOKK
PSLANCESYS,unk:Japan-FAJ-SYS,grsf:Japan_FAJ_SYS
SPSQUIDTSSTWC,unk:Japan-FAJ-TSSTWC,grsf:Japan_FAJ_TSSTWC
SSANDWSJ,unk:Japan-FAJ-WSJ,grsf:Japan_FAJ_WSJ
SNOWCRABWSJ,unk:Japan-FAJ-WSJ,grsf:Japan_FAJ_WSJ
HERR4SFS,unk:Canada-DFO-4SFS,grsf:nafo_4S_FS
HERR4SSS,unk:Canada-DFO-4SSS,grsf:nafo_4S_SS
PANCHPERUNC,unk:Peru-IMARPE-NC,grsf:N_C_VET
SOUTHHAKESA,unk:New Zealand-MFish-SA,grsf:NZL_HAK1SA
SOUTHHAKEWCSI,unk:New Zealand-MFish-WCSI,grsf:NZL_HAK7WCSI
HOKIENZ,unk:New Zealand-MFish-ENZ,grsf:NZL_HOK1E
HOKIWNZ,unk:New Zealand-MFish-WNZ,grsf:NZL_HOK1W
NZLINGLIN3-4,unk:New Zealand-MFish-LIN3-4,grsf:NZL_LIN3CR;nzl:LIN4
NZLINGLIN6b,other:NZ LIN6B,grsf:NZL_LIN6B
NZLINGLIN7WC,other:NZ LIN7WC,grsf:NZL_LIN7WC
SMOOTHOREOBP,unk:New Zealand-MFish-BP,grsf:NZL_OEO6BP
SMOOTHOREOEPR,unk:New Zealand-MFish-EPR,grsf:NZL_OEO6epr
BLACKOREOPR,unk:New Zealand-MFish-PR,grsf:NZL_OEO6PR
OROUGHYESCR,unk:New Zealand-MFish-ESCR,grsf:NZL_ORH3BESCR
OROUGHYNWCR,unk:New Zealand-MFish-NWCR,grsf:NZL_ORH3BNWCR
OROUGHYNZMEC,unk:New Zealand-MFish-NZMEC,grsf:NZL_ORHMEC
PAUANPAU5A,unk:New Zealand-MFish-NPAU5A,grsf:NZL_PAU5AN
PAUASPAU5A,unk:New Zealand-MFish-SPAU5A,grsf:NZL_PAU5AS
NZSNAPNZ1BOP-HAGU,unk:New Zealand-MFish-SNA1-BOP-HAGU,grsf:NZL_SNA1BOPHAGU
NZSNAPNZ1ENLD,unk:New Zealand-MFish-SNA-1-ENLD,grsf:NZL_SNA1ENLD
WPOLLNAVAR,unk:Russia-RFFA-NAVAR,grsf:RUS_WPOLLNAVAR
CSALMAMURCH,unk:Russia-TINRO-AMURCH,grsf:Russia_TINRO_AMURCH
CSALMAMURCW,unk:Russia-TINRO-AMURCW,grsf:Russia_TINRO_AMURCW
PSALMAMURPW,unk:Russia-TINRO-AMURPW,grsf:Russia_TINRO_AMURPW
CSALMANADYRCW,unk:Russia-TINRO-ANADYRCW,grsf:Russia_TINRO_ANADYRCW
PSALMANADYRPW,unk:Russia-TINRO-ANADYRPW,grsf:Russia_TINRO_ANADYRPW
SSALMANADYRSW,unk:Russia-TINRO-ANADYRSW,grsf:Russia_TINRO_ANADYRSW
CSALMEKAMCH,unk:Russia-TINRO-EKAMCH,grsf:Russia_TINRO_EKAMCH
CSALMEKAMCW,unk:Russia-TINRO-EKAMCW,grsf:Russia_TINRO_EKAMCW
PSALMEKAMPW,unk:Russia-TINRO-EKAMPW,grsf:Russia_TINRO_EKAMPW
SSALMEKAMSW,unk:Russia-TINRO-EKAMSW,grsf:Russia_TINRO_EKAMSW
CSALMESAKCH,unk:Russia-TINRO-ESAKCH,grsf:Russia_TINRO_ESAKCH
PSALMESAKPH,unk:Russia-TINRO-ESAKPH,grsf:Russia_TINRO_ESAKPH
PSALMESAKPW,unk:Russia-TINRO-ESAKPW,grsf:Russia_TINRO_ESAKPW
CSALMOKCH,unk:Russia-TINRO-OKCH,grsf:Russia_TINRO_OKCH
CSALMOKCW,unk:Russia-TINRO-OKCW,grsf:Russia_TINRO_OKCW
PSALMOKPH,unk:Russia-TINRO-OKPH,grsf:Russia_TINRO_OKPH
PSALMOKPW,unk:Russia-TINRO-OKPW,grsf:Russia_TINRO_OKPW
SSALMOKSH,unk:Russia-TINRO-OKSH,grsf:Russia_TINRO_OKSH
SSALMOKSW,unk:Russia-TINRO-OKSW,grsf:Russia_TINRO_OKSW
CSALMPRIMCH,unk:Russia-TINRO-PRIMCH,grsf:Russia_TINRO_PRIMCH
CSALMPRIMCW,unk:Russia-TINRO-PRIMCW,grsf:Russia_TINRO_PRIMCW
PSALMPRIMPW,unk:Russia-TINRO-PRIMPW,grsf:Russia_TINRO_PRIMPW
CSALMWKAMCH,unk:Russia-TINRO-WKAMCH,grsf:Russia_TINRO_WKAMCH
CSALMWKAMCW,unk:Russia-TINRO-WKAMCW,grsf:Russia_TINRO_WKAMCW
PSALMWKAMPH,unk:Russia-TINRO-WKAMPH,grsf:Russia_TINRO_WKAMPH
PSALMWKAMPW,unk:Russia-TINRO-WKAMPW,grsf:Russia_TINRO_WKAMPW
SSALMWKAMSH,unk:Russia-TINRO-WKAMSH,grsf:Russia_TINRO_WKAMSH
SSALMWKAMSW,unk:Russia-TINRO-WKAMSW,grsf:Russia_TINRO_WKAMSW
STRIPEDBASSGOMCHATT,unk:USA-NMFS-5YCHATT,grsf:USA_ACFHP_STB_gm_ch
GKCRABAIES,,grsf:USA_ADFG_KC_O_e
GKCRABAIWS,,grsf:USA_ADFG_KC_O_w
GKCRABPI,,grsf:USA_ADFG_KC_Q_PD
WPOLLBOGO,unk:USA-NMFS-BOGO,grsf:USA_AKSTATE_ALK_bogo
HERRPWS,unk:USA-AKSTATE-PWS,grsf:USA_AKSTATE_HEP_pws
HERRSITKA,unk:USA-AKSTATE-SITKA,grsf:USA_AKSTATE_HEP_sitka
HERRTOG,unk:USA-AKSTATE-TOG,grsf:USA_AKSTATE_HEP_td
RKCRABBB,unk:USA-NMFS-BB,grsf:USA_AKSTATE_KCD_bb
RKCRABNS,unk:USA-NMFS-NS,grsf:USA_AKSTATE_KCD_ns
RKCRABPI,unk:USA-NMFS-PI,grsf:USA_AKSTATE_KCD_pi
BKINGCRABPI,unk:USA-NMFS-PI,grsf:USA_AKSTATE_KCI_pi
BKINGCRABSMI,unk:USA-NMFS-SMI,grsf:USA_AKSTATE_KCI_smi
BCRABCHESB,unk:USA-MDSTATE-CHESB,grsf:USA_ChesapeakeBay
PGEODWA,unk:USA-WASTATE-WA,grsf:USA_GEC_JuandeFucaStrait
HOGFISHEGM,unk:USA-NMFS-EGM,grsf:USA_GFMC_Reeffish_EFH_LCXegm
MONKGOMNGB,unk:USA-NMFS-GOMNGB,grsf:USA_NEFMC_Monkfish_EFH_ngb
MONKSGBMATL,unk:USA-NMFS-SGBMATL,grsf:USA_NEFMC_Monkfish_EFH_sgb
RHAKEGOMNGB,unk:USA-NMFS-GOMNGB,grsf:USA_NEFMC_Redhake_EFH_ngb
RHAKESGBMATL,unk:USA-NMFS-SGBMATL,grsf:USA_NEFMC_Redhake_EFH_sgb
SHAKESGBMATL,unk:USA-NMFS-SGBMATL,grsf:USA_NEFMC_Silverhake_EFH_sgb
YELLCCODGOM,unk:USA-NMFS-CCOD5Y,grsf:USA_NEFMC_YellowtailFlounder_EFH_ncc
BLACKROCKCAL,unk:USA-NMFS-CAL,grsf:USA_PFMC_Groundfish_EFH_ca
LINGCODNPCOAST,unk:USA-NMFS-NPCOAST,grsf:USA_PFMC_Groundfish_EFH_CLInpc
LINGCODSPCOAST,unk:USA-NMFS-SPCOAST,grsf:USA_PFMC_Groundfish_EFH_CLIspc
BLACKROCKORECOAST,unk:USA-NMFS-ORECOAST,grsf:USA_PFMC_Groundfish_EFH_or
CABEZORECOAST,unk:USA-NMFS-ORECOAST,grsf:USA_PFMC_Groundfish_EFH_or
GRSPROCKNCAL,unk:USA-NMFS-NPCOAST,grsf:USA_PFMC_Groundfish_EFH_QYRnca
GRSPROCKSCAL,unk:USA-NMFS-SPCOAST,grsf:USA_PFMC_Groundfish_EFH_QYRspc
GOPHERSPCOAST,unk:USA-NMFS-SPCOAST,grsf:USA_PFMC_Groundfish_EFH_QYSspc
COWCODSCAL,unk:USA-NMFS-SCAL,grsf:USA_PFMC_Groundfish_EFH_QYTca
BNKROCKCAL,unk:USA-NMFS-CAL,grsf:USA_PFMC_Groundfish_EFH_QYVnpc
BLACKROCKNPCOAST,unk:USA-NMFS-NPCOAST,grsf:USA_PFMC_Groundfish_EFH_RMGnpc
BLACKROCKSPCOAST,unk:USA-NMFS-SPCOAST,grsf:USA_PFMC_Groundfish_EFH_RMGspc
CHROCKCPCOAST,unk:USA-NMFS-CPCOAST,grsf:USA_PFMC_Groundfish_EFH_RVNcpc
CHROCKSPCOAST,unk:USA-NMFS-SPCOAST,grsf:USA_PFMC_Groundfish_EFH_RVNspc
BOCACCSPCOAST,unk:USA-NMFS-SPCOAST,grsf:USA_PFMC_Groundfish_EFH_SBCeu_mo_co
SBELLYROCKPCOAST,unk:USA-NMFS-PCOAST,grsf:USA_PFMC_Groundfish_EFH_SFKpc
BLUEROCKCAL,unk:USA-NMFS-CAL,grsf:USA_PFMC_Groundfish_EFH_SFYpc_o
CALSCORPSCAL,unk:USA-NMFS-SCAL,grsf:USA_PFMC_Groundfish_EFH_SGZsca
CABEZNCAL,unk:USA-NMFS-NCAL,grsf:USA_PFMC_Groundfish_EFH_SMQnca
CABEZSCAL,unk:USA-NMFS-SCAL,grsf:USA_PFMC_Groundfish_EFH_SMQsca
CHROCKNPCOAST,unk:USA-NMFS-NPCOAST,grsf:USA_PFMC_Groundfish_EFH_wa
CABEZWASH,,grsf:USA_PFMC_Groundfish_EFH_wa
BLACKROCKWASH,unk:USA-NMFS-WASH,grsf:USA_PFMC_Groundfish_EFH_wa
STFLOUNNPCOAST,unk:USA-NMFS-NPCOAST,grsf:USA_PFMC_Groundfish_EFH_wa;grsf:USA_PFMC_Groundfish_EFH_or
YTROCKNPCOAST,unk:USA-NMFS-NPCOAST,grsf:USA_PFMC_Groundfish_EFH_YROnpc
STFLOUNSPCOAST,unk:USA-NMFS-SPCOAST,grsf:USA_PFMC_Groundfish_EFHca
KELPGREENLINGORECOAST,unk:USA-NMFS-ORECOAST,grsf:USA_PFMC_HXQ_or
HOGFISHSEFL,unk:USA-NMFS-SEFL,grsf:USA_SAFMC_Snappergrouper_EFH_LCXsef
CHAKESA,unk:South Africa-DETMCM-SA,grsf:ZAF_CHAKESA
KINGKLIPSA,unk:South Africa-DETMCM-SA,grsf:ZAF_KINGKLIPSA
SAABALONESA,unk:South Africa-DETMCM-SA,grsf:ZAF_SAABALONESA
SARDSA,unk:South Africa-DETMCM-SA,grsf:ZAF_SARDSA
CHSQUIDSA,unk:South Africa-DETMCM-SA,grsf:zaf_sc
SARDSAS,unk:South Africa-DETMCM-SAS,grsf:zaf_sc
ECSOLESASC,unk:South Africa-DETMCM-SASC,grsf:zaf_sc
SSLOBSTERSASC,unk:South Africa-DETMCM-SASC,grsf:zaf_sls
SARDSAW,unk:South Africa-DETMCM-SAW,grsf:zaf_wc
ANCHOSA,unk:South Africa-DETMCM-SA,grsf:zaf_wc;grsf:zaf_sc
DEEPCHAKESA,unk:South Africa-DETMCM-SA,grsf:zaf_wc;grsf:zaf_sc
CTRACSA,unk:South Africa-DETMCM-SASC,grsf:zaf_wc;grsf:zaf_sc
ALBANPAC,unk:multinational-ISC-NPAC,iattc:NPO
SWORDNPAC,unk:multinational-ISC-NPAC,iattc:NPO
NEPHFU10,unk:multinational-ICES-FU10,ices_fu_nep:10
NEPHFU11,unk:multinational-ICES-FU11,ices_fu_nep:11
NEPHFU12,unk:multinational-ICES-FU12,ices_fu_nep:12
NEPHFU13,unk:multinational-ICES-FU13,ices_fu_nep:13
NEPHFU14,unk:multinational-ICES-FU14,ices_fu_nep:14
NEPHFU15,unk:multinational-ICES-FU15,ices_fu_nep:15
NEPHFU25,unk:multinational-ICES-FU25,ices_fu_nep:25
NEPHFU2627,unk:multinational-ICES-FU2627,ices_fu_nep:26;ices_fu_nep:27
NEPHFU2829,unk:multinational-ICES-FU2829,ices_fu_nep:28;ices_fu_nep:29
NEPHFU30,unk:multinational-ICES-FU30,ices_fu_nep:30
NEPHFU31,unk:multinational-ICES-FU31,ices_fu_nep:31
NEPHFU32,unk:multinational-ICES-FU32,ices_fu_nep:32
NEPHFU33,unk:multinational-ICES-FU33,ices_fu_nep:33
NEPHFU34,unk:multinational-ICES-FU34,ices_fu_nep:34
NEPHFU7,unk:multinational-ICES-FU7,ices_fu_nep:7
NEPHFU8,unk:multinational-ICES-FU8,ices_fu_nep:8
NEPHFU9,unk:multinational-ICES-FU9,ices_fu_nep:9
SEELNSSA1,unk:multinational-ICES-SA1,ices_sa:1r
SEELNSSA2,unk:multinational-ICES-SA2,ices_sa:2r
SEELNSSA3,unk:multinational-ICES-SA3,ices_sa:3r
SEELNSSA4,unk:multinational-ICES-SA4,ices_sa:4
SEELNSSA5,unk:multinational-ICES-SA5,ices_sa:5r
SEELNSSA6,unk:multinational-ICES-SA6,ices_sa:6
SEELNSSA7,unk:multinational-ICES-SA7,ices_sa:7
PHALNPAC,unk:multinational-IPHC-NPAC,iphc:2A;iphc:2B;iphc:2C;iphc:3A;iphc:3B;iphc:4A;iphc:4B;iphc:4C;iphc:4D;iphc:4E
SWORDEPAC,unk:multinational-IATTC-EPAC,isc:SWO_ENPO
ASCADECS,unk:Japan-FAJ-ECS,lme:47
HHTILEECS,unk:Japan-FAJ-ECS,lme:47
SPANMACKECS,unk:Japan-FAJ-ECS,lme:47
BSCRAPERSOJECS,unk:Japan-FAJ-SOJECS,lme:47;lme:50
LHAIRTSOJECS,unk:Japan-FAJ-SOJECS,lme:47;lme:50
STSQUIDSOJECS,unk:Japan-FAJ-SOJECS,lme:47;lme:50
JPUFFSOJECSSI,unk:Japan-FAJ-SOJECSSI,lme:47;mrg:4306;lme:50
APSHRIMPSOJ,unk:Japan-FAJ-SOJ,lme:50
BZCRABSOJ,unk:Japan-FAJ-SOJ,lme:50
DSSMELTSOJ,unk:Japan-FAJ-SOJ,lme:50
FHFLOUNSOJ,unk:Japan-FAJ-SOJ,lme:50
PCODSOJ,unk:Japan-FAJ-SOJ,lme:50
PHFLOUNSOJ,unk:Japan-FAJ-SOJ,lme:50
RSFLOUNSOJ,unk:Japan-FAJ-SOJ,lme:50
YSFLOUNSOJ,unk:Japan-FAJ-SOJ,lme:50
KCROCKOKS,unk:Japan-FAJ-OKS,lme:52
SNOWCRABOKS,unk:Japan-FAJ-OKS,lme:52
APOLLOKS,unk:Japan-FAJ-OKS,lme:52
PSLANDLSETOE,unk:Japan-FAJ-SETOE,mrg:4306
BLSHARNPAC,unk:multinational-ISC-NPAC,iattc:NPO
ANCHOVYKILKACS,unk:Iran-Iran-CS,mrgid:4282
BKCDLFENI,unk:New Zealand-MFish-ENI,nzl:CDL2
RROCKLOBSTERCRA1,unk:New Zealand-MFish-CRA1,nzl:CRA1
RROCKLOBSTERCRA2,unk:New Zealand-MFish-CRA2,nzl:CRA2
RROCKLOBSTERCRA3,unk:New Zealand-MFish-CRA3,nzl:CRA3
RROCKLOBSTERCRA4,unk:New Zealand-MFish-CRA4,nzl:CRA4
RROCKLOBSTERCRA5,unk:New Zealand-MFish-CRA5,nzl:CRA5
RROCKLOBSTERCRA7,unk:New Zealand-MFish-CRA7,nzl:CRA7
RROCKLOBSTERCRA8,unk:New Zealand-MFish-CRA8,nzl:CRA8
SOUTHHAKECR,unk:New Zealand-MFish-CR,nzl:HAK4;grsf:NZL_HAK1CR
NZLINGLIN72,unk:New Zealand-MFish-LIN72,nzl:LIN2;grsf:NZL_LIN7CK
NZLINGLIN5-6,unk:New Zealand-MFish-LIN5-6,nzl:LIN5
SMOOTHOREOSLD,unk:New Zealand-MFish-SLD,nzl:OEO1;grsf:NZL_OEO3Asld
BLACKOREOWECR,unk:New Zealand-MFish-WECR,nzl:OEO3A
SMOOTHOREOWECR,unk:New Zealand-MFish-WECR,nzl:OEO3A
SMOOTHOREOCR,unk:New Zealand-MFish-CR,nzl:OEO4
OROUGHYNZ7A,unk:New Zealand-MFish-NZ7A,nzl:ORH7A
DOYSFS,unk:New Zealand-MFish-FS,nzl:OYU5
PAUAPAU5B,unk:New Zealand-MFish-PAU5B,nzl:PAU5B
PAUAPAU5D,unk:New Zealand-MFish-PAU5D,nzl:PAU5D
PAUAPAU7,unk:New Zealand-MFish-PAU7,nzl:PAU7
SBWHITACIR,unk:New Zealand-MFish-CIR,nzl:SBW6I
SCMPBP,other:NZ SCI1,nzl:SCI1
SCMPWHB,other:NZ SCI2,nzl:SCI2
SCMPMB,other:NZ SCI3,nzl:SCI3
NZSNAPNZ7,unk:New Zealand-MFish-SNA-7,nzl:SNA7
NZSNAPNZ8,unk:New Zealand-MFish-8,nzl:SNA8
GSTRGZRSTA7,unk:New Zealand-MFish-STA7,nzl:STA7
TREVALLYTRE7,unk:New Zealand-MFish-TRE7,nzl:TRE7
SBT,unk:multinational-CCSBT-SO,rfb:CCSBT
SAURNWPAC,unk:multinational-NPFC-NWPAC,rfb:NPFC
WPOLLWBS,unk:Russia-RFFA-WBS,rus:61.01
WPOLLNSO,unk:61.05.1;unk:61.05.2;unk:61.05.4,rus:61.05.1;rus:61.05.2;rus:61.05.4
ATLCROAKMATLC,unk:USA-NMFS-MATLC,usa:MAFMC
MENATLAN,unk:USA-NMFS-ATL,usa:SAFMC;usa:MAFMC;usa:NEFMC
WEAKFISHATLC,unk:USA-NMFS-ATLC,usa:SAFMC;usa:MAFMC;usa:NEFMC
SNOSESHARATL,unk:USA-NMFS-ATL,usa_efh_ahms:AtlanticSharpnoseShark(AtlanticStock)
BNOSESHARATL,unk:USA-NMFS-ATL,usa_efh_ahms:BlacknoseShark(AtlanticStock)
BTIPSHARATL,unk:USA-NMFS-ATL,usa_efh_ahms:BlacktipShark(AtlanticStock)
BTIPSHARGM,unk:USA-NMFS-GM,usa_efh_ahms:BlacktipShark(GulfofMexicoStock)
BHEADSHARATL,unk:USA-NMFS-ATL,usa_efh_ahms:BonnetheadShark(AtlanticStock)
DSKSHARGMATL,unk:USA-NMFS-GMATL,usa_efh_ahms:DuskyShark
FTOOTHSHARATL,unk:USA-NMFS-ATL,usa_efh_ahms:FinetoothShark
SBARSHARATL,unk:USA-NMFS-ATL,usa_efh_ahms:SandbarShark
SCHHEADATL,unk:USA-NMFS-ATL,usa_efh_ahms:ScallopedHammerheadShark
SMDOGATL,unk:USA-NMFS-ATL,usa_efh_ahms:SmoothhoundSharkComplex(AtlanticStock)
SKSNAPCARIB,unk:USA-NMFS-CARIB,usa_efh_cfmc:ReefFish
ATKAGA,unk:USA-NMFS-GA,usa_efh_gfmc:CoastalMigratoryPelagics
SPANMACKGM,unk:USA-NMFS-GM,usa_efh_gfmc:CoastalMigratoryPelagics
KMACKGM,unk:USA-NMFS-GM,usa_efh_gfmc:CoastalMigratoryPelagics
COBGM,unk:USA-NMFS-GM,usa_efh_gfmc:CoastalMigratoryPelagics
MENATGM,unk:USA-NMFS-GM,usa_efh_gfmc:CoastalMigratoryPelagics
GRSNAPGM,,usa_efh_gfmc:ReefFish
LNSNAPGM,,usa_efh_gfmc:ReefFish
GTRIGGM,unk:USA-NMFS-GM,usa_efh_gfmc:ReefFish
RGROUPGM,lme:5,usa_efh_gfmc:ReefFish
RSNAPGM,unk:USA-NMFS-GM,usa_efh_gfmc:ReefFish
GAGGM,unk:USA-NMFS-GM,usa_efh_gfmc:ReefFish
TILEGM,unk:USA-NMFS-GM,usa_efh_gfmc:ReefFish
VSNAPGM,unk:USA-NMFS-GM,usa_efh_gfmc:ReefFish
YEGROUPGM,unk:USA-NMFS-GM,usa_efh_gfmc:ReefFish
GRAMBERGM,unk:USA-NMFS-GM,usa_efh_gfmc:ReefFish
BRNSHRIMPGM,unk:USA-NMFS-GM,usa_efh_gfmc:Shrimp
PINKSHRIMPGM,lme:5,usa_efh_gfmc:Shrimp
WSHRIMPGM,unk:USA-NMFS-GM,usa_efh_gfmc:Shrimp
BUTTERGOMCHATT,unk:USA-NMFS-5YCHATT,usa_efh_mafmc:AtlanticButterfish
MACK5YCHATT,,usa_efh_mafmc:AtlanticMackerel
SURFMATLC,unk:USA-NMFS-MATLC,usa_efh_mafmc:AtlanticSurfclam
BSBASSMATLC,unk:USA-NMFS-MATLC,usa_efh_mafmc:BlackSeaBass
BLUEFISHATLC,unk:USA-NMFS-ATLC,usa_efh_mafmc:Bluefish
TILEMATLC,unk:USA-NMFS-MATLC,usa_efh_mafmc:GoldenTilefish
LISQUIDATLC,unk:USA-NMFS-ATLC,usa_efh_mafmc:LongfinInshoreSquid
ILLEXNWATLC,unk:USA-NMFS-NWATLC,usa_efh_mafmc:NorthernShortfinSquid
QUAHATLC,unk:USA-NMFS-ATLC,usa_efh_mafmc:OceanQuahog
SCUPNWATLC,unk:USA-NMFS-NWATLC,usa_efh_mafmc:Scup
SDOGATLC,unk:USA-NMFS-ATLC,usa_efh_mafmc:SpinyDogfish
SFLOUNMATLC,unk:USA-NMFS-MATLC,usa_efh_mafmc:SummerFlounder
HERRNWATLC,unk:USA-NMFS-NWATLC,usa_efh_nefmc:AtlanticHerring
SCALL5ZMAB,unk:USA-NMFS-5ZMAB,usa_efh_nefmc:AtlanticSeaScallop
BSKAT5YZSNE,unk:USA-NMFS-5YZSNE,usa_efh_nefmc:BarndoorSkate
CSKATMATLC,unk:USA-NMFS-MATLC,usa_efh_nefmc:ClearnoseSkate
RDEEPCRABNWATL,unk:USA-NMFS-NWATL,usa_efh_nefmc:Deep_SeaCrab
HADGB,fao:21.5.Z,usa_efh_nefmc:Haddock
LSKAT5YCHATT,unk:USA-NMFS-5YCHATT,usa_efh_nefmc:LittleSkate
OPOUTNWATLC,unk:USA-NMFS-NWATLC,usa_efh_nefmc:OceanPout
RSKATMATLC,unk:USA-NMFS-MATLC,usa_efh_nefmc:RosetteSkate
SSKAT5YZSNE,unk:USA-NMFS-5YZSNE,usa_efh_nefmc:SmoothSkate
TSKAT5YZSNE,unk:USA-NMFS-5YZSNE,usa_efh_nefmc:ThornySkate
WINDOWSNEMATL,unk:USA-NMFS-SNEMATL,usa_efh_nefmc:WindowpaneFlounder
WINFLOUNSNEMATL,unk:USA-NMFS-SNEMATL,usa_efh_nefmc:Winterflounder
WSKAT5YCHATT,unk:USA-NMFS-5YCHATT,usa_efh_nefmc:WinterSkate
YELLSNEMATL,unk:USA-NMFS-SNEMATL,usa_efh_nefmc:Yellowtailflounder
ALPLAICBSAI,unk:USA-NMFS-BSAI,usa_efh_npfmc:Alaskaplaice(EasternBeringSea)
ALSKABSAI,unk:USA-NMFS-BSAI,usa_efh_npfmc:Alaskaskate(AleutianIslands);usa_efh_npfmc:Alaskaskate(EasternBeringSea)
ARFLOUNDBSAI,unk:USA-NMFS-BSAI,usa_efh_npfmc:ArrowtoothFlounder(AleutianIslands);usa_efh_npfmc:ArrowtoothFlounder(EasternBeringSea)
ARFLOUNDGA,unk:USA-NMFS-GA,usa_efh_npfmc:ArrowtoothFlounder(GulfofAlaska)
REXSOLEGA,unk:USA-NMFS-GA,usa_efh_npfmc:ArrowtoothFlounder(GulfofAlaska)
ATKABSAI,unk:USA-NMFS-BSAI,usa_efh_npfmc:Atkamackerel(AleutianIslands);usa_efh_npfmc:Atkamackerel(EasternBeringSea)
DSOLEGA,unk:USA-NMFS-GA,usa_efh_npfmc:Doversole(GulfofAlaska)
DUSROCKGA,unk:USA-NMFS-GA,usa_efh_npfmc:Duskyrockfish(GulfofAlaska)
FLSOLEBSAI,unk:USA-NMFS-BSAI,usa_efh_npfmc:Flatheadsole(AleutianIslands);usa_efh_npfmc:Flatheadsole(EasternBeringSea)
FLSOLEGA,unk:USA-NMFS-GA,usa_efh_npfmc:Flatheadsole(GulfofAlaska)
GKCRABAI,,usa_efh_npfmc:Goldenkingcrab(AleutianIslands)
GHALBSAI,unk:USA-NMFS-BSAI,usa_efh_npfmc:Greenlandturbot(AleutianIslands);usa_efh_npfmc:Greenlandturbot(EasternBeringSea)
KMFLOUNBSAI,unk:USA-NMFS-BSAI,usa_efh_npfmc:Kamchatkaflounder(AleutianIslands);usa_efh_npfmc:Kamchatkaflounder(EasternBeringSea)
NROCKBSAI,unk:USA-NMFS-BSAI,usa_efh_npfmc:Northernrockfish(AleutianIslands);usa_efh_npfmc:Northernrockfish(EasternBeringSea)
NROCKGA,unk:USA-NMFS-GA,usa_efh_npfmc:Northernrockfish(GulfofAlaska)
NRSOLEEBSAI,unk:USA-NMFS-EBSAI,usa_efh_npfmc:Northernrocksole(AleutianIslands);usa_efh_npfmc:Northernrocksole(EasternBeringSea)
NRSOLEGA,unk:USA-NMFS-GA,usa_efh_npfmc:Northernrocksole(GulfofAlaska)
GPOCTOBSAI,unk:USA-NMFS-BSAI,usa_efh_npfmc:Octopus(AleutianIslands);usa_efh_npfmc:Octopus(EasternBeringSea)
GPOCTOGA,unk:USA-NMFS-GA,usa_efh_npfmc:Octopus(GulfofAlaska)
PCODAI,unk:USA-NMFS-AI,usa_efh_npfmc:Pacificcod(AleutianIslands)
PCODBSAI,unk:USA-NMFS-BSAI,usa_efh_npfmc:Pacificcod(AleutianIslands);usa_efh_npfmc:Pacificcod(EasternBeringSea)
PCODBS,unk:USA-NMFS-BS,usa_efh_npfmc:Pacificcod(EasternBeringSea)
PCODGA,unk:USA-NMFS-GA,usa_efh_npfmc:Pacificcod(GulfofAlaska)
PERCHEBSAI,unk:USA-NMFS-EBSAI,usa_efh_npfmc:Pacificoceanperch(AleutianIslands);usa_efh_npfmc:Pacificoceanperch(EasternBeringSea)
POPERCHGA,unk:USA-NMFS-GA,usa_efh_npfmc:Pacificoceanperch(GulfofAlaska)
REYEROCKBSAI,unk:USA-NMFS-BSAI,usa_efh_npfmc:Rougheyerockfish(AleutianIslands);usa_efh_npfmc:Rougheyerockfish(EasternBeringSea)
REYEROCKGA,unk:USA-NMFS-GA,usa_efh_npfmc:Rougheyerockfish(GulfofAlaska)
SABLEFEBSAIGA,unk:USA-NMFS-EBSAIGA,usa_efh_npfmc:Sablefish(AleutianIslands);usa_efh_npfmc:Sablefish(EasternBeringSea);usa_efh_npfmc:Sablefish(GulfofAlaska)
SRAKEROCKBSAI,unk:USA-NMFS-BSAI,usa_efh_npfmc:Shortrakerrockfish(AleutianIslands);usa_efh_npfmc:Shortrakerrockfish(EasternBeringSea)
SRAKEROCKGA,unk:USA-NMFS-GA,usa_efh_npfmc:Shortrakerrockfish(GulfofAlaska)
SSTHORNHGA,unk:USA-NMFS-GA,usa_efh_npfmc:Shortspinethornyheadrockfish(GulfofAlaska)
SNOWCRABBS,unk:USA-NMFS-BS,usa_efh_npfmc:Snowcrab(EasternBeringSea)
RSOLEGA,unk:USA-NMFS-GA,usa_efh_npfmc:Southernrocksole(GulfofAlaska)
TANNERCRABBSAI,unk:USA-NMFS-BSAI,usa_efh_npfmc:Tannercrab(EasternBeringSea)
WPOLLAI,unk:USA-NMFS-AI,usa_efh_npfmc:Walleyepollock(AleutianIslands)
WPOLLEBS,unk:USA-NMFS-EBS,usa_efh_npfmc:Walleyepollock(EasternBeringSea)
WPOLLGA,unk:USA-NMFS-GA,usa_efh_npfmc:Walleyepollock(GulfofAlaska)
WVSCALLALASKA,unk:USA-NMFS-ALASKA,usa_efh_npfmc:WeathervaneScallop
YEYEROCKGA,unk:USA-NMFS-GA,usa_efh_npfmc:Yelloweyerockfish(GulfofAlaska)
YSOLEBSAI,unk:USA-NMFS-BSAI,usa_efh_npfmc:Yellowfinsole(EasternBeringSea);usa_efh_npfmc:Yellowfinsole(GulfofAlaska)
CMACKPCOAST,unk:USA-NMFS-PCOAST,usa_efh_pfmc:CoastalPelagicSpecies
ARFLOUNDPCOAST,unk:USA-NMFS-PCOAST,usa_efh_pfmc:Groundfish
AUROCKPCOAST,unk:USA-NMFS-PCOAST,usa_efh_pfmc:Groundfish
BGROCKPCOAST,unk:USA-NMFS-PCOAST,usa_efh_pfmc:Groundfish
DSOLEPCOAST,unk:USA-NMFS-PCOAST,usa_efh_pfmc:Groundfish
ESOLEPCOAST,unk:USA-NMFS-PCOAST,usa_efh_pfmc:Groundfish
BRNROCKPCOAST,unk:USA-NMFS-PCOAST,usa_efh_pfmc:Groundfish
CROCKPCOAST,unk:USA-NMFS-PCOAST,usa_efh_pfmc:Groundfish
DKROCKPCOAST,unk:USA-NMFS-PCOAST,usa_efh_pfmc:Groundfish
GRNSTROCKPCOAST,unk:USA-NMFS-PCOAST,usa_efh_pfmc:Groundfish
PHAKEPCOAST,unk:USA-NMFS-PCOAST,usa_efh_pfmc:Groundfish
LNOSESKAPCOAST,unk:USA-NMFS-PCOAST,usa_efh_pfmc:Groundfish
SHCROCKPCOAST,unk:USA-NMFS-PCOAST,usa_efh_pfmc:Groundfish
PSOLEPCOAST,unk:USA-NMFS-PCOAST,usa_efh_pfmc:Groundfish
REXSOLEPCOAST,unk:USA-NMFS-PCOAST,usa_efh_pfmc:Groundfish
CPRROCKPCOAST,unk:USA-NMFS-PCOAST,usa_efh_pfmc:Groundfish
SABLEFPCOAST,unk:USA-NMFS-PCOAST,usa_efh_pfmc:Groundfish
SPSDOGPCOAST,unk:USA-NMFS-PCOAST,usa_efh_pfmc:Groundfish
LSTHORNHPCOAST,unk:USA-NMFS-PCOAST,usa_efh_pfmc:Groundfish
POPERCHPCOAST,unk:USA-NMFS-PCOAST,usa_efh_pfmc:Groundfish
SNROCKPCOAST,unk:USA-NMFS-PCOAST,usa_efh_pfmc:Groundfish
SSTHORNHPCOAST,unk:USA-NMFS-PCOAST,usa_efh_pfmc:Groundfish
WROCKPCOAST,unk:USA-NMFS-PCOAST,usa_efh_pfmc:Groundfish
YEYEROCKPCOAST,unk:USA-NMFS-PCOAST,usa_efh_pfmc:Groundfish
CHILISPCOAST,unk:USA-NMFS-SPCOAST,usa_efh_pfmc:Groundfish
THRSHARNPAC,,usa_efh_phms:CommonThresherShark
SFMAKONPAC,,usa_efh_phms:ShortfinMakoShark
STMARLINNPAC,unk:USA-NMFS-NPAC,usa_efh_phms:StripedMarlin
COBSATLC,unk:USA-NMFS-SATLC,usa_efh_safmc:CoastalMigratoryPelagics
SPANMACKSATLC,unk:USA-NMFS-SATLC,usa_efh_safmc:CoastalMigratoryPelagics
KMACKSATLC,unk:USA-NMFS-SATLC,usa_efh_safmc:CoastalMigratoryPelagics
BSBASSSATL,unk:USA-NMFS-SATL,usa_efh_safmc:SnapperGrouper
RGROUPSATL,unk:USA-NMFS-SATL,usa_efh_safmc:SnapperGrouper
BLTILESATLC,unk:USA-NMFS-SATLC,usa_efh_safmc:SnapperGrouper
GAGSATLC,unk:USA-NMFS-SATLC,usa_efh_safmc:SnapperGrouper
GRAMBERSATLC,unk:USA-NMFS-SATLC,usa_efh_safmc:SnapperGrouper
RPORGYSATLC,unk:USA-NMFS-SATLC,usa_efh_safmc:SnapperGrouper
RSNAPSATLC,unk:USA-NMFS-SATLC,usa_efh_safmc:SnapperGrouper
SNOWGROUPSATLC,unk:USA-NMFS-SATLC,usa_efh_safmc:SnapperGrouper
TILESATLC,unk:USA-NMFS-SATLC,usa_efh_safmc:SnapperGrouper
VSNAPSATLC,unk:USA-NMFS-SATLC,usa_efh_safmc:SnapperGrouper
BLACKGROUPERGMSATL,unk:USA-NMFS-GMSATL,usa_efh_safmc:SnapperGrouper;esa_efh_gfmc:ReefFish
GLGROUPSATLCGM,unk:USA-NMFS-SATLCGM,usa_efh_safmc:SnapperGrouper;esa_efh_gfmc:ReefFish
MUTSNAPSATLCGM,unk:USA-NMFS-SATLCGM,usa_efh_safmc:SnapperGrouper;esa_efh_gfmc:ReefFish
YTSNAPSATLCGM,unk:USA-NMFS-SATLCGM,usa_efh_safmc:SnapperGrouper;esa_efh_gfmc:ReefFish
GTREVMHI,,usa_efh_wpfmc:GiantTrevally
CJOBMHI,,usa_efh_wpfmc:MainHawaiianIslandsCoralReefEcosystem
GJOBMHI,,usa_efh_wpfmc:MainHawaiianIslandsCoralReefEcosystem
SUNIMHI,,usa_efh_wpfmc:MainHawaiianIslandsCoralReefEcosystem
TSGTFMHI,,usa_efh_wpfmc:MainHawaiianIslandsCoralReefEcosystem
WSGTFMHI,,usa_efh_wpfmc:MainHawaiianIslandsCoralReefEcosystem
YFGTFMHI,,usa_efh_wpfmc:MainHawaiianIslandsCoralReefEcosystem
YSGTFMHI,,usa_efh_wpfmc:MainHawaiianIslandsCoralReefEcosystem
LOBSTERSNE,unk:USA-NMFS-SNE,usa_nefsc:537;usa_nefsc:538;usa_nefsc:539;usa_nefsc:611;usa_nefsc:612;usa_nefsc:613;usa_nefsc:614;usa_nefsc:615;usa_nefsc:616;usa_nefsc:621;usa_nefsc:622;usa_nefsc:623;usa_nefsc:625;usa_nefsc:626
ALBASPAC,unk:multinational-WCPFC-SPAC,wcpfc:ALB_1
BIGEYECWPAC,unk:multinational-WCPFC-CWPAC,wcpfc:BET_1
SKJCWPAC,unk:multinational-WCPFC-CWPAC,wcpfc:SKJ_01
STMARLINSWPO,unk:multinational-WCPFC-SWPAC,wcpfc:SMLS_01
SWORDSPAC,unk:multinational-ISC-SPAC,wcpfc:SWO_01
YFINCWPAC,unk:multinational-WCPFC-CWPAC,wcpfc:YFT_01
CHAKESA,unk:South Africa-DETMCM-SA,grsf:ZAF_CHAKESA
KINGKLIPSASC,unk:South Africa-DETMCM-SASC,grsf:ZAF_KCP_S;grsf:ZAF_KCP_W
DVANGSASC,unk:South Africa-DEFF-SASC,grsf:zaf_sc
KINGKLIPSAWC,unk:South Africa-DETMCM-SAWC,grsf:ZAF_KCP_S;grsf:ZAF_KCP_W
DVANGSAWC,unk:South Africa-DEFF-SAWC,grsf:zaf_wc
SAABALONESA,unk:South Africa-DETMCM-SA,grsf:ZAF_SAABALONESA
